drug_name,smiles,molecular_weight,logp,h_bond_donors,h_bond_acceptors,bbb_permeable,passes_lipinski,clinical_trials_count,completeness
PRAZOSIN,,,,,,,,0,40.0
NICOTINE,,,,,,,,0,40.0
OFLOXACIN,,,,,,,,0,0.0
NALIDIXIC ACID,,,,,,,,0,40.0
INDOMETHACIN,,,,,,,,0,40.0
SULBACTAM,,,,,,,,0,40.0
TAZOBACTAM,,,,,,,,0,40.0
CIPROFLOXACIN,,,,,,,,0,0.0
NORFLOXACIN,,,,,,,,0,0.0
AMPHETAMINE,,,,,,,,0,40.0
ISOSORBIDE DINITRATE,,,,,,,,0,40.0
MIANSERIN,,,,,,,,0,40.0
IMIPRAMINE,,,,,,,,0,40.0
INDAPAMIDE,,,,,,,,0,40.0
FLUMAZENIL,,,,,,,,0,40.0
TROGLITAZONE,,,,,,,,0,40.0
BICALUTAMIDE,,,,,,,,0,40.0
DIAZEPAM,,,,,,,,0,40.0
METOPROLOL,,,,,,,,0,0.0
DIETHYLSTILBESTROL,,,,,,,,0,0.0
MECAMYLAMINE,,,,,,,,0,0.0
CARBACHOL,,,,,,,,0,0.0
PHENYTOIN,,,,,,,,0,0.0
SIROLIMUS,,,,,,,,0,0.0
TACROLIMUS ANHYDROUS,,,,,,,,0,0.0
CLOMIPRAMINE,,,,,,,,0,0.0
METHOXSALEN,,,,,,,,0,0.0
DICHLORPHENAMIDE,,,,,,,,0,0.0
ETHOXZOLAMIDE,,,,,,,,0,40.0
EPIRUBICIN,,,,,,,,0,0.0
METHAZOLAMIDE,,,,,,,,0,0.0
ACETAZOLAMIDE,,,,,,,,0,0.0
MAFENIDE,,,,,,,,0,0.0
SULFANILAMIDE,,,,,,,,0,40.0
GUANABENZ,,,,,,,,0,0.0
TRIMETHOPRIM,,,,,,,,0,0.0
VERAPAMIL,,,,,,,,0,0.0
SULFASALAZINE,,,,,,,,0,0.0
COUMARIN,,,,,,,,0,0.0
DILTIAZEM,,,,,,,,0,0.0
ATENOLOL,,,,,,,,0,0.0
ASPIRIN,,,,,,,,0,40.0
TRIFLUOPERAZINE,,,,,,,,0,0.0
BETAXOLOL,,,,,,,,0,0.0
OLSALAZINE,,,,,,,,0,0.0
PROPRANOLOL,,,,,,,,0,0.0
PRACTOLOL,,,,,,,,0,0.0
MECHLORETHAMINE,,,,,,,,0,40.0
PENICILLIN G,,,,,,,,0,0.0
TROVAFLOXACIN,,,,,,,,0,0.0
CIMETIDINE,,,,,,,,0,0.0
GATIFLOXACIN,,,,,,,,0,0.0
LABETALOL,,,,,,,,0,40.0
MOXIFLOXACIN,,,,,,,,0,0.0
LEVOFLOXACIN ANHYDROUS,,,,,,,,0,0.0
GEMIFLOXACIN,,,,,,,,0,0.0
SPIRAPRIL,,,,,,,,0,0.0
VALPROATE SODIUM,,,,,,,,0,0.0
ISOPROTERENOL,,,,,,,,0,0.0
HYDROCHLOROTHIAZIDE,,,,,,,,0,0.0
FUROSEMIDE,,,,,,,,0,40.0
PYRIMETHAMINE,,,,,,,,0,40.0
TOLRESTAT,,,,,,,,0,40.0
SULFATHIAZOLE,,,,,,,,0,40.0
SULFAMERAZINE,,,,,,,,0,40.0
SULFADIAZINE,,,,,,,,0,40.0
THIAMYLAL,,,,,,,,0,40.0
THIOPENTAL,,,,,,,,0,0.0
CYCLOBARBITAL,,,,,,,,0,40.0
ERGOTAMINE,,,,,,,,0,0.0
TRETINOIN,,,,,,,,0,40.0
METHOHEXITAL,,,,,,,,0,40.0
PHENOBARBITAL,,,,,,,,0,40.0
FLUOXETINE,,,,,,,,0,40.0
SULFAMETHOXAZOLE,,,,,,,,0,40.0
CLOZAPINE,,,,,,,,0,40.0
NORTRIPTYLINE,,,,,,,,0,0.0
SULFAMETHAZINE,,,,,,,,0,0.0
SECOBARBITAL,,,,,,,,0,40.0
PENTOBARBITAL,,,,,,,,0,0.0
QUINACRINE,,,,,,,,0,40.0
AMOBARBITAL,,,,,,,,0,40.0
HEXOBARBITAL,,,,,,,,0,0.0
BUTABARBITAL,,,,,,,,0,40.0
APROBARBITAL,,,,,,,,0,0.0
METHARBITAL,,,,,,,,0,40.0
CHLORDIAZEPOXIDE,,,,,,,,0,40.0
MELAGATRAN,,,,,,,,0,40.0
CLONAZEPAM,,,,,,,,0,40.0
SULFISOXAZOLE,,,,,,,,0,40.0
SULFAMETHOXYPYRIDAZINE,,,,,,,,0,40.0
BUTALBITAL,,,,,,,,0,40.0
SULFACETAMIDE,,,,,,,,0,40.0
AMSACRINE,,,,,,,,0,40.0
ETHACRYNIC ACID,,,,,,,,0,40.0
TICRYNAFEN,,,,,,,,0,0.0
GEMFIBROZIL,,,,,,,,0,0.0
MELATONIN,,,,,,,,0,0.0
ONDANSETRON,,,,,,,,0,0.0
BUSPIRONE,,,,,,,,0,0.0
METHYLDOPA,,,,,,,,0,0.0
MOLINDONE,,,,,,,,0,0.0
APOMORPHINE,,,,,,,,0,40.0
HALOPERIDOL,,,,,,,,0,40.0
PENTAMIDINE,,,,,,,,0,0.0
AMINOHIPPURIC ACID,,,,,,,,0,0.0
ETRETINATE,,,,,,,,0,40.0
NEVIRAPINE,,,,,,,,0,40.0
DRONABINOL,,,,,,,,0,40.0
MITOXANTRONE,,,,,,,,0,40.0
DOPAMINE,,,,,,,,0,40.0
HYDROXYUREA,,,,,,,,0,40.0
PODOFILOX,,,,,,,,0,40.0
ISONIAZID,,,,,,,,0,40.0
THALIDOMIDE,,,,,,,,0,40.0
KETOROLAC,,,,,,,,0,0.0
SOTALOL,,,,,,,,0,40.0
GLYBURIDE,,,,,,,,0,40.0
HEXESTROL,,,,,,,,0,40.0
DOFETILIDE,,,,,,,,0,40.0
DACARBAZINE,,,,,,,,0,40.0
ADENOSINE,,,,,,,,0,40.0
THIORIDAZINE,,,,,,,,0,40.0
LANSOPRAZOLE,,,,,,,,0,0.0
IRINOTECAN,,,,,,,,0,40.0
MORPHINE,,,,,,,,0,0.0
CODEINE,,,,,,,,0,40.0
CHLORPROMAZINE,,,,,,,,0,0.0
DESIPRAMINE,,,,,,,,0,40.0
AMINOGLUTETHIMIDE,,,,,,,,0,0.0
CROMOLYN SODIUM,,,,,,,,0,0.0
CHLOROQUINE,,,,,,,,0,40.0
PAROXETINE,,,,,,,,0,40.0
ETORICOXIB,,,,,,,,0,40.0
LIDOCAINE,,,,,,,,0,40.0
ETIDOCAINE,,,,,,,,0,40.0
NALOXONE,,,,,,,,0,40.0
RALOXIFENE,,,,,,,,0,40.0
TAMOXIFEN,,,,,,,,0,0.0
BROMOCRIPTINE,,,,,,,,0,40.0
ILOPROST,,,,,,,,0,0.0
TOPOTECAN,,,,,,,,0,40.0
RISPERIDONE,,,,,,,,0,40.0
CROMOLYN,,,,,,,,0,0.0
METOCLOPRAMIDE,,,,,,,,0,0.0
PACLITAXEL,,,,,,,,0,40.0
ALPROSTADIL,,,,,,,,0,40.0
HEXACHLOROPHENE,,,,,,,,0,40.0
CLIOQUINOL,,,,,,,,0,40.0
AGOMELATINE,,,,,,,,0,40.0
CYCLOPHOSPHAMIDE ANHYDROUS,,,,,,,,0,0.0
CHLORPROPAMIDE,,,,,,,,0,40.0
TIMOLOL,,,,,,,,0,40.0
PINDOLOL,,,,,,,,0,40.0
CISPLATIN,,,,,,,,0,0.0
HYDRALAZINE,,,,,,,,0,40.0
AMPHETAMINE SULFATE,,,,,,,,0,0.0
AMPHOTERICIN B,,,,,,,,0,40.0
HISTAMINE,,,,,,,,0,0.0
MICONAZOLE,,,,,,,,0,0.0
DOCETAXEL ANHYDROUS,,,,,,,,0,0.0
ZILEUTON,,,,,,,,0,0.0
TACRINE,,,,,,,,0,0.0
DONEPEZIL,,,,,,,,0,40.0
LOVASTATIN,,,,,,,,0,0.0
OZAGREL,,,,,,,,0,40.0
ACETANILIDE,,,,,,,,0,0.0
DIMETHYL SULFOXIDE,,,,,,,,0,0.0
CHLORPHENIRAMINE,,,,,,,,0,0.0
PRIMAQUINE,,,,,,,,0,40.0
MECLOFENAMIC ACID,,,,,,,,0,0.0
PYRILAMINE,,,,,,,,0,0.0
SERTINDOLE,,,,,,,,0,0.0
CARMUSTINE,,,,,,,,0,0.0
LOMUSTINE,,,,,,,,0,0.0
CHLORAMBUCIL,,,,,,,,0,40.0
CYPROHEPTADINE,,,,,,,,0,40.0
INAMRINONE,,,,,,,,0,40.0
DISOPYRAMIDE,,,,,,,,0,40.0
VORINOSTAT,,,,,,,,0,40.0
IBUPROFEN,,,,,,,,0,40.0
CLOMETACIN,,,,,,,,0,40.0
FLUNITRAZEPAM,,,,,,,,0,40.0
METHOXAMINE,,,,,,,,0,40.0
PROPOFOL,,,,,,,,0,0.0
PIROXICAM,,,,,,,,0,0.0
CEFTIZOXIME,,,,,,,,0,0.0
PHENYLBUTAZONE,,,,,,,,0,40.0
AZITHROMYCIN,,,,,,,,0,40.0
AMDINOCILLIN,,,,,,,,0,40.0
PERGOLIDE,,,,,,,,0,40.0
ERYTHROMYCIN,,,,,,,,0,0.0
IBUTILIDE,,,,,,,,0,40.0
PROGESTERONE,,,,,,,,0,40.0
KETOTIFEN,,,,,,,,0,40.0
SUNITINIB,,,,,,,,0,40.0
HYDROQUINONE,,,,,,,,0,40.0
ACETIC ACID,,,,,,,,0,0.0
PHENOL,,,,,,,,0,40.0
MEQUINOL,,,,,,,,0,40.0
CLOTRIMAZOLE,,,,,,,,0,40.0
MITOMYCIN,,,,,,,,0,0.0
ALCOHOL,,,,,,,,0,0.0
OXPRENOLOL,,,,,,,,0,0.0
FLUCONAZOLE,,,,,,,,0,40.0
ISOTRETINOIN,,,,,,,,0,0.0
ILOPERIDONE,,,,,,,,0,0.0
DINOPROSTONE,,,,,,,,0,40.0
NEOSTIGMINE,,,,,,,,0,0.0
REBOXETINE,,,,,,,,0,40.0
CITALOPRAM,,,,,,,,0,40.0
PILOCARPINE,,,,,,,,0,0.0
COLCHICINE,,,,,,,,0,0.0
ERLOTINIB,,,,,,,,0,40.0
LAPATINIB,,,,,,,,0,0.0
CARBAMAZEPINE,,,,,,,,0,40.0
VALPROIC ACID,,,,,,,,0,40.0
TEMAFLOXACIN,,,,,,,,0,40.0
BENZNIDAZOLE,,,,,,,,0,0.0
DEFEROXAMINE,,,,,,,,0,40.0
MEXILETINE,,,,,,,,0,0.0
DEXTROTHYROXINE,,,,,,,,0,0.0
RIMONABANT,,,,,,,,0,0.0
NOMIFENSINE,,,,,,,,0,0.0
LOMEFLOXACIN,,,,,,,,0,0.0
GRISEOFULVIN,,,,,,,,0,40.0
FLURBIPROFEN,,,,,,,,0,40.0
PROMAZINE,,,,,,,,0,40.0
CLOFIBRATE,,,,,,,,0,40.0
ACETAMINOPHEN,,,,,,,,0,40.0
CAFFEINE,,,,,,,,0,40.0
PHENACETIN,,,,,,,,0,0.0
PERPHENAZINE,,,,,,,,0,0.0
OXAZEPAM,,,,,,,,0,40.0
SULINDAC,,,,,,,,0,40.0
FENCLOFENAC,,,,,,,,0,40.0
INDALPINE,,,,,,,,0,0.0
PROCAINE,,,,,,,,0,0.0
TRIFLUPROMAZINE,,,,,,,,0,40.0
KETOPROFEN,,,,,,,,0,40.0
NITROFURANTOIN,,,,,,,,0,0.0
INDOPROFEN,,,,,,,,0,40.0
LINDANE,,,,,,,,0,40.0
NIACIN,,,,,,,,0,40.0
METHICILLIN,,,,,,,,0,0.0
TRICHLOROETHANE,,,,,,,,0,40.0
ENALAPRILAT ANHYDROUS,,,,,,,,0,40.0
ENALAPRIL,,,,,,,,0,0.0
LORAZEPAM,,,,,,,,0,0.0
ISOPROPYL ALCOHOL,,,,,,,,0,40.0
GREPAFLOXACIN,,,,,,,,0,40.0
SAQUINAVIR,,,,,,,,0,40.0
INDINAVIR ANHYDROUS,,,,,,,,0,40.0
NELFINAVIR,,,,,,,,0,40.0
AMPRENAVIR,,,,,,,,0,40.0
TRIAMTERENE,,,,,,,,0,40.0
PRONETALOL,,,,,,,,0,0.0
CELECOXIB,,,,,,,,0,40.0
TRIMETREXATE,,,,,,,,0,40.0
FENOLDOPAM,,,,,,,,0,0.0
ROPINIROLE,,,,,,,,0,40.0
MENADIONE,,,,,,,,0,40.0
ETHCHLORVYNOL,,,,,,,,0,40.0
TERFENADINE,,,,,,,,0,40.0
LEVORPHANOL,,,,,,,,0,40.0
DELAVIRDINE,,,,,,,,0,40.0
EMEDASTINE,,,,,,,,0,40.0
PIOGLITAZONE,,,,,,,,0,40.0
FENTANYL,,,,,,,,0,40.0
ROSIGLITAZONE,,,,,,,,0,40.0
MARALIXIBAT CHLORIDE,,,,,,,,0,0.0
LOFEXIDINE,,,,,,,,0,40.0
PHENTOLAMINE,,,,,,,,0,0.0
PLERIXAFOR,,,,,,,,0,40.0
TOLOXATONE,,,,,,,,0,40.0
MELOXICAM,,,,,,,,0,40.0
ACETYLCYSTEINE,,,,,,,,0,40.0
AMINOLEVULINIC ACID,,,,,,,,0,40.0
CYSTEAMINE,,,,,,,,0,40.0
NALTREXONE,,,,,,,,0,40.0
ZAFIRLUKAST,,,,,,,,0,0.0
"CEFPROZIL ANHYDROUS, (E)-",,,,,,,,0,40.0
ROFECOXIB,,,,,,,,0,40.0
MOXONIDINE,,,,,,,,0,40.0
CUPRIC SULFATE,,,,,,,,0,40.0
PROCAINAMIDE HYDROCHLORIDE,,,,,,,,0,0.0
MISOPROSTOL,,,,,,,,0,0.0
MACIMORELIN,,,,,,,,0,40.0
MEPERIDINE,,,,,,,,0,40.0
METHAQUALONE,,,,,,,,0,40.0
PROBUCOL,,,,,,,,0,0.0
LOXOPROFEN,,,,,,,,0,40.0
TRIENTINE,,,,,,,,0,40.0
ZOMEPIRAC,,,,,,,,0,40.0
TERAZOSIN,,,,,,,,0,40.0
LEVAMFETAMINE,,,,,,,,0,0.0
DEXTROAMPHETAMINE,,,,,,,,0,40.0
SITAXENTAN,,,,,,,,0,0.0
PYRAZINAMIDE,,,,,,,,0,0.0
IBUDILAST,,,,,,,,0,40.0
SAQUINAVIR MESYLATE,,,,,,,,0,40.0
PENICILLIN V,,,,,,,,0,0.0
CEPHALOTHIN,,,,,,,,0,40.0
MILTEFOSINE,,,,,,,,0,40.0
LINEZOLID,,,,,,,,0,40.0
CLIDINIUM,,,,,,,,0,40.0
MEROPENEM,,,,,,,,0,40.0
TRAZODONE,,,,,,,,0,40.0
ETODOLAC,,,,,,,,0,40.0
PRANLUKAST,,,,,,,,0,40.0
NEFAZODONE,,,,,,,,0,40.0
THIABENDAZOLE,,,,,,,,0,40.0
XANOMELINE,,,,,,,,0,0.0
NAFTIFINE,,,,,,,,0,40.0
PENTOXIFYLLINE,,,,,,,,0,40.0
AMITRIPTYLINE,,,,,,,,0,0.0
DIBROMSALAN,,,,,,,,0,40.0
TRIBROMSALAN,,,,,,,,0,0.0
SUMATRIPTAN,,,,,,,,0,0.0
PROPAFENONE,,,,,,,,0,40.0
BETAMETHASONE,,,,,,,,0,40.0
AMIODARONE,,,,,,,,0,0.0
ALFENTANIL,,,,,,,,0,40.0
PREDNISONE,,,,,,,,0,40.0
RIVASTIGMINE,,,,,,,,0,40.0
VENLAFAXINE,,,,,,,,0,40.0
ZIDOVUDINE,,,,,,,,0,40.0
VORICONAZOLE,,,,,,,,0,40.0
AZELASTINE,,,,,,,,0,0.0
CHLORAMPHENICOL,,,,,,,,0,0.0
PROCAINAMIDE,,,,,,,,0,40.0
ATOMOXETINE,,,,,,,,0,40.0
ACEBUTOLOL,,,,,,,,0,40.0
PROMETHAZINE,,,,,,,,0,40.0
PREDNISOLONE,,,,,,,,0,0.0
TRIMIPRAMINE,,,,,,,,0,40.0
BISOPROLOL,,,,,,,,0,40.0
TRIAZOLAM,,,,,,,,0,40.0
APRACLONIDINE,,,,,,,,0,40.0
CYCLIZINE,,,,,,,,0,40.0
NEBIVOLOL,,,,,,,,0,40.0
METHYLPREDNISOLONE,,,,,,,,0,40.0
METHADONE,,,,,,,,0,40.0
FLECAINIDE,,,,,,,,0,40.0
CLONIDINE,,,,,,,,0,40.0
MIRTAZAPINE,,,,,,,,0,40.0
MIDAZOLAM,,,,,,,,0,40.0
REMOXIPRIDE,,,,,,,,0,40.0
OXYCODONE,,,,,,,,0,40.0
ESTRADIOL,,,,,,,,0,40.0
DIPHENHYDRAMINE,,,,,,,,0,40.0
SUFENTANIL,,,,,,,,0,40.0
GALANTAMINE,,,,,,,,0,40.0
AMANTADINE,,,,,,,,0,40.0
ALPRAZOLAM,,,,,,,,0,40.0
MAPROTILINE,,,,,,,,0,0.0
FOSCARNET,,,,,,,,0,0.0
ACETYLCHOLINE,,,,,,,,0,40.0
METRONIDAZOLE,,,,,,,,0,0.0
PROTRIPTYLINE,,,,,,,,0,40.0
CYCLOBENZAPRINE,,,,,,,,0,0.0
THIOTEPA,,,,,,,,0,40.0
FENOFIBRATE,,,,,,,,0,0.0
PARGYLINE,,,,,,,,0,40.0
ALENDRONATE SODIUM,,,,,,,,0,40.0
LEVONORDEFRIN,,,,,,,,0,40.0
EPINEPHRINE,,,,,,,,0,40.0
CEFACLOR ANHYDROUS,,,,,,,,0,40.0
ETOMIDATE,,,,,,,,0,40.0
AMODIAQUINE,,,,,,,,0,40.0
DIETHYLCARBAMAZINE,,,,,,,,0,40.0
MEBENDAZOLE,,,,,,,,0,0.0
DICLOFENAC,,,,,,,,0,40.0
MEFENAMIC ACID,,,,,,,,0,40.0
FENTANYL CITRATE,,,,,,,,0,0.0
MANNITOL,,,,,,,,0,40.0
PRAVASTATIN SODIUM,,,,,,,,0,40.0
PRENYLAMINE,,,,,,,,0,40.0
ETHINYL ESTRADIOL,,,,,,,,0,0.0
DALFAMPRIDINE,,,,,,,,0,40.0
GLYCERIN,,,,,,,,0,0.0
TRIMETHADIONE,,,,,,,,0,40.0
ETHOSUXIMIDE,,,,,,,,0,40.0
METHSUXIMIDE,,,,,,,,0,0.0
TETRACAINE,,,,,,,,0,40.0
SULFAPYRIDINE,,,,,,,,0,40.0
BACLOFEN,,,,,,,,0,40.0
PIPERACILLIN,,,,,,,,0,40.0
SUXAMETHONIUM,,,,,,,,0,0.0
MESALAMINE,,,,,,,,0,40.0
ALITRETINOIN,,,,,,,,0,0.0
CETYL ALCOHOL,,,,,,,,0,40.0
SILODOSIN,,,,,,,,0,0.0
CHOLINE CHLORIDE,,,,,,,,0,0.0
DOXAZOSIN,,,,,,,,0,40.0
VANDETANIB,,,,,,,,0,40.0
MINAPRINE,,,,,,,,0,40.0
TAMIBAROTENE,,,,,,,,0,40.0
ZIPRASIDONE,,,,,,,,0,40.0
ALFUZOSIN,,,,,,,,0,40.0
FINASTERIDE,,,,,,,,0,40.0
PHENINDIONE,,,,,,,,0,0.0
ANISINDIONE,,,,,,,,0,40.0
ENTECAVIR ANHYDROUS,,,,,,,,0,40.0
LAMIVUDINE,,,,,,,,0,0.0
ALBUTEROL,,,,,,,,0,40.0
OLANZAPINE,,,,,,,,0,40.0
QUETIAPINE,,,,,,,,0,40.0
MEDROXYPROGESTERONE ACETATE,,,,,,,,0,40.0
MUPIROCIN,,,,,,,,0,40.0
BENZYL ALCOHOL,,,,,,,,0,0.0
PROPYPHENAZONE,,,,,,,,0,0.0
CARVEDILOL,,,,,,,,0,0.0
FLUPHENAZINE,,,,,,,,0,0.0
THIOGUANINE,,,,,,,,0,0.0
DILEVALOL,,,,,,,,0,0.0
PROCHLORPERAZINE,,,,,,,,0,0.0
LOPINAVIR,,,,,,,,0,0.0
NITROGLYCERIN,,,,,,,,0,0.0
ACETOHYDROXAMIC ACID,,,,,,,,0,0.0
THIOPENTAL SODIUM,,,,,,,,0,0.0
METHOHEXITAL SODIUM,,,,,,,,0,40.0
LAMOTRIGINE,,,,,,,,0,40.0
KETAMINE,,,,,,,,0,0.0
RILUZOLE,,,,,,,,0,0.0
NEDOCROMIL,,,,,,,,0,0.0
PRALIDOXIME CHLORIDE,,,,,,,,0,0.0
ZONISAMIDE,,,,,,,,0,0.0
ADENOSINE PHOSPHATE,,,,,,,,0,0.0
PHENOXYBENZAMINE,,,,,,,,0,0.0
FOSCARNET SODIUM,,,,,,,,0,0.0
ANAGRELIDE,,,,,,,,0,0.0
NAPHAZOLINE,,,,,,,,0,0.0
OXYMETAZOLINE,,,,,,,,0,0.0
GUANETHIDINE,,,,,,,,0,0.0
CILASTATIN,,,,,,,,0,40.0
ESMOLOL,,,,,,,,0,0.0
TOLAZOLINE,,,,,,,,0,0.0
CYCLOSERINE,,,,,,,,0,0.0
IMIPENEM ANHYDROUS,,,,,,,,0,40.0
RESERPINE,,,,,,,,0,0.0
GLYCINE,,,,,,,,0,0.0
METAPROTERENOL,,,,,,,,0,0.0
CLAVULANIC ACID,,,,,,,,0,40.0
DEXMEDETOMIDINE,,,,,,,,0,40.0
TADALAFIL,,,,,,,,0,0.0
BUTORPHANOL,,,,,,,,0,0.0
PENTETIC ACID,,,,,,,,0,40.0
MAZINDOL,,,,,,,,0,0.0
BITHIONOL,,,,,,,,0,0.0
TOLBUTAMIDE,,,,,,,,0,0.0
NATEGLINIDE,,,,,,,,0,40.0
BROTIZOLAM,,,,,,,,0,0.0
TAMOXIFEN CITRATE,,,,,,,,0,0.0
MONTELUKAST,,,,,,,,0,0.0
IDOXURIDINE,,,,,,,,0,0.0
NOVOBIOCIN,,,,,,,,0,40.0
CIDOFOVIR ANHYDROUS,,,,,,,,0,40.0
CHLORHEXIDINE,,,,,,,,0,0.0
FENOTEROL,,,,,,,,0,40.0
METHYLPHENIDATE,,,,,,,,0,0.0
ESTAZOLAM,,,,,,,,0,0.0
PHENSUXIMIDE,,,,,,,,0,40.0
METHOTREXATE,,,,,,,,0,0.0
GEPIRONE,,,,,,,,0,40.0
CILOSTAZOL,,,,,,,,0,0.0
MINOXIDIL,,,,,,,,0,0.0
NAPROXEN,,,,,,,,0,0.0
MEFLOQUINE,,,,,,,,0,0.0
CYTARABINE,,,,,,,,0,0.0
FLUTAMIDE,,,,,,,,0,40.0
MEMANTINE,,,,,,,,0,40.0
ECONAZOLE,,,,,,,,0,40.0
SERTRALINE,,,,,,,,0,40.0
TEMOZOLOMIDE,,,,,,,,0,40.0
BROMPHENIRAMINE,,,,,,,,0,40.0
ZIMELDINE,,,,,,,,0,40.0
PYRIDOSTIGMINE BROMIDE,,,,,,,,0,40.0
EPROSARTAN,,,,,,,,0,40.0
GRANISETRON,,,,,,,,0,40.0
FLUVOXAMINE,,,,,,,,0,40.0
DINOPROST,,,,,,,,0,40.0
BUFORMIN,,,,,,,,0,40.0
LUMEFANTRINE,,,,,,,,0,40.0
TOLAZAMIDE,,,,,,,,0,40.0
IOBENGUANE,,,,,,,,0,40.0
OXACILLIN,,,,,,,,0,40.0
NIFURTIMOX,,,,,,,,0,40.0
BUSULFAN,,,,,,,,0,40.0
GUANIDINE,,,,,,,,0,40.0
TERBINAFINE,,,,,,,,0,40.0
ENOXACIN,,,,,,,,0,40.0
DEXMETHYLPHENIDATE,,,,,,,,0,40.0
METHYLPROMAZINE,,,,,,,,0,40.0
PRIMAQUINE PHOSPHATE,,,,,,,,0,40.0
EFLORNITHINE,,,,,,,,0,40.0
LOXAPINE,,,,,,,,0,40.0
SULFINPYRAZONE,,,,,,,,0,40.0
AMINOPYRINE,,,,,,,,0,40.0
TICLOPIDINE,,,,,,,,0,40.0
EDARAVONE,,,,,,,,0,40.0
PAMIDRONIC ACID,,,,,,,,0,40.0
RILMENIDINE,,,,,,,,0,40.0
TAMSULOSIN,,,,,,,,0,40.0
AZTREONAM,,,,,,,,0,40.0
CEFTAZIDIME,,,,,,,,0,40.0
BENAZEPRIL,,,,,,,,0,40.0
EZOGABINE,,,,,,,,0,40.0
BOSUTINIB,,,,,,,,0,40.0
CARTEOLOL,,,,,,,,0,40.0
LOPERAMIDE,,,,,,,,0,40.0
CHLOROTHIAZIDE,,,,,,,,0,0.0
ROSIGLITAZONE MALEATE,,,,,,,,0,40.0
BRIMONIDINE,,,,,,,,0,40.0
POMALIDOMIDE,,,,,,,,0,40.0
CALCITRIOL,,,,,,,,0,40.0
OXAMNIQUINE,,,,,,,,0,40.0
LENALIDOMIDE,,,,,,,,0,40.0
TRICLOSAN,,,,,,,,0,40.0
SPARFLOXACIN,,,,,,,,0,40.0
MELPHALAN,,,,,,,,0,40.0
ZALCITABINE,,,,,,,,0,40.0
TRIPROLIDINE,,,,,,,,0,40.0
ASTEMIZOLE,,,,,,,,0,40.0
BAZEDOXIFENE,,,,,,,,0,40.0
PRIMIDONE,,,,,,,,0,40.0
BIOTIN,,,,,,,,0,40.0
MEPHENYTOIN,,,,,,,,0,0.0
CARBARIL,,,,,,,,0,40.0
GUANFACINE,,,,,,,,0,0.0
CYSTEINE,,,,,,,,0,0.0
CARBINOXAMINE,,,,,,,,0,40.0
BERBERINE,,,,,,,,0,40.0
VALDECOXIB,,,,,,,,0,40.0
PARECOXIB SODIUM,,,,,,,,0,40.0
ETHAMBUTOL,,,,,,,,0,40.0
CHLOROFORM,,,,,,,,0,40.0
MYCOPHENOLIC ACID,,,,,,,,0,40.0
ETOPOSIDE,,,,,,,,0,40.0
IOPANOIC ACID,,,,,,,,0,40.0
OMACETAXINE MEPESUCCINATE,,,,,,,,0,40.0
CANTHARIDIN,,,,,,,,0,40.0
VANCOMYCIN,,,,,,,,0,40.0
NITROFURAZONE,,,,,,,,0,40.0
ALENDRONIC ACID,,,,,,,,0,40.0
ETIDRONIC ACID,,,,,,,,0,40.0
VINBLASTINE,,,,,,,,0,40.0
MIBEFRADIL,,,,,,,,0,40.0
LEVOKETOCONAZOLE,,,,,,,,0,40.0
TAFENOQUINE,,,,,,,,0,40.0
TRANEXAMIC ACID,,,,,,,,0,40.0
METOLAZONE,,,,,,,,0,0.0
FAMCICLOVIR,,,,,,,,0,40.0
EMTRICITABINE,,,,,,,,0,40.0
RASAGILINE,,,,,,,,0,40.0
GEMCITABINE,,,,,,,,0,40.0
LACTULOSE,,,,,,,,0,40.0
SAFINAMIDE MESYLATE,,,,,,,,0,40.0
CLOXACILLIN,,,,,,,,0,0.0
BUTORPHANOL TARTRATE,,,,,,,,0,40.0
DICLOXACILLIN,,,,,,,,0,40.0
BUPROPION,,,,,,,,0,0.0
EMETINE,,,,,,,,0,40.0
NALBUPHINE,,,,,,,,0,40.0
DEXTROMETHORPHAN,,,,,,,,0,40.0
HYDROXYZINE,,,,,,,,0,0.0
PROBENECID,,,,,,,,0,40.0
DIFLUNISAL,,,,,,,,0,40.0
ORPHENADRINE,,,,,,,,0,40.0
FAMOTIDINE,,,,,,,,0,40.0
ISOXICAM,,,,,,,,0,0.0
DOXORUBICIN,,,,,,,,0,40.0
DEXMETHYLPHENIDATE HYDROCHLORIDE,,,,,,,,0,40.0
RIZATRIPTAN,,,,,,,,0,40.0
CHLORPROTHIXENE,,,,,,,,0,40.0
ZOLPIDEM,,,,,,,,0,40.0
FEXOFENADINE,,,,,,,,0,40.0
NEDOCROMIL SODIUM,,,,,,,,0,40.0
TIROFIBAN,,,,,,,,0,40.0
DANTHRON,,,,,,,,0,0.0
FLOXURIDINE,,,,,,,,0,40.0
PHENACEMIDE,,,,,,,,0,40.0
FOSPHENYTOIN SODIUM,,,,,,,,0,40.0
ALPIDEM,,,,,,,,0,0.0
ADEFOVIR DIPIVOXIL,,,,,,,,0,40.0
CEFTRIAXONE,,,,,,,,0,40.0
RISEDRONIC ACID,,,,,,,,0,40.0
ZOLEDRONIC ACID ANHYDROUS,,,,,,,,0,40.0
ANIDULAFUNGIN,,,,,,,,0,40.0
TYROSINE,,,,,,,,0,40.0
DOBUTAMINE,,,,,,,,0,40.0
LEVACETYLLEUCINE,,,,,,,,0,40.0
CEFDINIR,,,,,,,,0,40.0
TRYPTOPHAN,,,,,,,,0,40.0
DANTROLENE SODIUM,,,,,,,,0,0.0
LONAFARNIB,,,,,,,,0,40.0
DELAVIRDINE MESYLATE,,,,,,,,0,40.0
GLUTAMINE,,,,,,,,0,40.0
NIMESULIDE,,,,,,,,0,40.0
HALOTHANE,,,,,,,,0,0.0
DIPYRIDAMOLE,,,,,,,,0,40.0
METYRAPONE,,,,,,,,0,40.0
DIPHENIDOL,,,,,,,,0,0.0
DIETHYLCARBAMAZINE CITRATE,,,,,,,,0,40.0
COPPER,,,,,,,,0,40.0
RITONAVIR,,,,,,,,0,40.0
GEFITINIB,,,,,,,,0,40.0
GABAPENTIN,,,,,,,,0,40.0
"3,3',4',5-TETRACHLOROSALICYLANILIDE",,,,,,,,0,40.0
LACOSAMIDE,,,,,,,,0,40.0
IMATINIB,,,,,,,,0,40.0
PRAMIPEXOLE,,,,,,,,0,0.0
BISACODYL,,,,,,,,0,0.0
EPALRESTAT,,,,,,,,0,40.0
CHLOROPROCAINE HYDROCHLORIDE,,,,,,,,0,40.0
AMILORIDE,,,,,,,,0,40.0
AZATADINE,,,,,,,,0,40.0
CHLOROQUINE PHOSPHATE,,,,,,,,0,40.0
IOPHENDYLATE,,,,,,,,0,40.0
CAPSAICIN,,,,,,,,0,40.0
ENTACAPONE,,,,,,,,0,40.0
CYCLOTHIAZIDE,,,,,,,,0,40.0
SUPROFEN,,,,,,,,0,40.0
BOSENTAN,,,,,,,,0,40.0
RIMANTADINE,,,,,,,,0,40.0
LEFLUNOMIDE,,,,,,,,0,40.0
SULFADIMETHOXINE,,,,,,,,0,40.0
PHENYLPROPANOLAMINE,,,,,,,,0,40.0
EPOPROSTENOL SODIUM,,,,,,,,0,40.0
OXYMORPHONE,,,,,,,,0,40.0
DISULFIRAM,,,,,,,,0,40.0
CARBAMOYLCHOLINE,,,,,,,,0,40.0
TEMAZEPAM,,,,,,,,0,0.0
FLURAZEPAM,,,,,,,,0,40.0
PRAZEPAM,,,,,,,,0,0.0
HALAZEPAM,,,,,,,,0,40.0
PENTOBARBITAL SODIUM,,,,,,,,0,0.0
SELEGILINE,,,,,,,,0,40.0
TERIFLUNOMIDE,,,,,,,,0,40.0
MESNA,,,,,,,,0,40.0
ITRACONAZOLE,,,,,,,,0,40.0
GENTIAN VIOLET,,,,,,,,0,40.0
PRAZIQUANTEL,,,,,,,,0,40.0
HYDROCORTISONE HEMISUCCINATE ANHYDROUS,,,,,,,,0,40.0
METHACHOLINE,,,,,,,,0,40.0
MEPROBAMATE,,,,,,,,0,40.0
GUAIFENESIN,,,,,,,,0,40.0
FENOFIBRIC ACID,,,,,,,,0,40.0
NALMEFENE,,,,,,,,0,40.0
SUCCINYLCHOLINE CHLORIDE,,,,,,,,0,0.0
MIVACURIUM CHLORIDE,,,,,,,,0,40.0
UREA,,,,,,,,0,40.0
TIPIRACIL HYDROCHLORIDE,,,,,,,,0,40.0
CRINECERFONT,,,,,,,,0,40.0
PHENOLPHTHALEIN,,,,,,,,0,0.0
RETINOL,,,,,,,,0,40.0
FLUOCINOLONE ACETONIDE,,,,,,,,0,40.0
BUTENAFINE,,,,,,,,0,40.0
STAVUDINE,,,,,,,,0,40.0
LOSARTAN POTASSIUM,,,,,,,,0,40.0
CEFOXITIN,,,,,,,,0,40.0
SORIVUDINE,,,,,,,,0,40.0
IBANDRONIC ACID,,,,,,,,0,40.0
LORATADINE,,,,,,,,0,0.0
EBASTINE,,,,,,,,0,40.0
CETIRIZINE,,,,,,,,0,40.0
CLOBAZAM,,,,,,,,0,40.0
LEVOSALBUTAMOL,,,,,,,,0,40.0
CLAVULANATE POTASSIUM,,,,,,,,0,40.0
DOXYLAMINE,,,,,,,,0,40.0
SERATRODAST,,,,,,,,0,40.0
REMIFENTANIL,,,,,,,,0,40.0
DEFERIPRONE,,,,,,,,0,40.0
AMIFOSTINE,,,,,,,,0,40.0
BEPRIDIL,,,,,,,,0,40.0
LEVODOPA,,,,,,,,0,40.0
CEFOTAXIME SODIUM,,,,,,,,0,40.0
ETRAVIRINE,,,,,,,,0,40.0
VILOXAZINE,,,,,,,,0,40.0
LORACARBEF ANHYDROUS,,,,,,,,0,0.0
MOXALACTAM,,,,,,,,0,40.0
CANDESARTAN CILEXETIL,,,,,,,,0,40.0
EVANS BLUE FREE ACID,,,,,,,,0,40.0
TELMISARTAN,,,,,,,,0,40.0
DIENESTROL,,,,,,,,0,40.0
DEXKETOPROFEN,,,,,,,,0,40.0
CARBETAPENTANE,,,,,,,,0,40.0
TOLMETIN,,,,,,,,0,40.0
NEPAFENAC,,,,,,,,0,0.0
PERHEXILINE,,,,,,,,0,40.0
BEXAROTENE,,,,,,,,0,40.0
IFOSFAMIDE,,,,,,,,0,40.0
ISOFLUROPHATE,,,,,,,,0,40.0
FENOLDOPAM MESYLATE,,,,,,,,0,40.0
TIAGABINE,,,,,,,,0,40.0
TEGASEROD,,,,,,,,0,40.0
ISTRADEFYLLINE,,,,,,,,0,40.0
MIGLUSTAT,,,,,,,,0,0.0
DICLOFENAC SODIUM,,,,,,,,0,40.0
GUANADREL,,,,,,,,0,40.0
CALCIFEDIOL ANHYDROUS,,,,,,,,0,0.0
CHOLECALCIFEROL,,,,,,,,0,40.0
DAPSONE,,,,,,,,0,40.0
AMINOCAPROIC ACID,,,,,,,,0,40.0
DITHIAZANINE IODIDE,,,,,,,,0,40.0
CIANIDANOL,,,,,,,,0,40.0
MOZAVAPTAN,,,,,,,,0,0.0
LATANOPROST,,,,,,,,0,40.0
TRICHLORMETHIAZIDE,,,,,,,,0,40.0
CHLORTHALIDONE,,,,,,,,0,40.0
CEPHALORIDINE,,,,,,,,0,40.0
FLUORESCEIN,,,,,,,,0,40.0
PREGABALIN,,,,,,,,0,40.0
"SODIUM PHOSPHATE, DIBASIC, ANHYDROUS",,,,,,,,0,40.0
SIMVASTATIN,,,,,,,,0,40.0
RITODRINE,,,,,,,,0,40.0
METHYSERGIDE,,,,,,,,0,40.0
OXCARBAZEPINE,,,,,,,,0,0.0
VALSARTAN,,,,,,,,0,40.0
ENCAINIDE,,,,,,,,0,40.0
MOCLOBEMIDE,,,,,,,,0,40.0
MEDIFOXAMINE,,,,,,,,0,40.0
NABUMETONE,,,,,,,,0,40.0
OXAPROZIN,,,,,,,,0,40.0
PROCYCLIDINE,,,,,,,,0,40.0
BUMETANIDE,,,,,,,,0,40.0
GLIPIZIDE,,,,,,,,0,40.0
FENFLURAMINE,,,,,,,,0,40.0
MORICIZINE,,,,,,,,0,40.0
ESLICARBAZEPINE ACETATE,,,,,,,,0,40.0
BROMFENAC,,,,,,,,0,40.0
TIZANIDINE,,,,,,,,0,40.0
VIGABATRIN,,,,,,,,0,40.0
VINCRISTINE,,,,,,,,0,40.0
AMOXICILLIN,,,,,,,,0,40.0
MASOPROCOL,,,,,,,,0,40.0
FINGOLIMOD,,,,,,,,0,40.0
RUPATADINE,,,,,,,,0,40.0
ACETOPHENAZINE,,,,,,,,0,40.0
DIBUCAINE,,,,,,,,0,0.0
MEPIVACAINE,,,,,,,,0,0.0
MESORIDAZINE,,,,,,,,0,40.0
PHENELZINE,,,,,,,,0,40.0
VIDARABINE,,,,,,,,0,40.0
PRASTERONE,,,,,,,,0,40.0
HYDROCORTISONE ACETATE,,,,,,,,0,40.0
TRIHEXYPHENIDYL HYDROCHLORIDE,,,,,,,,0,40.0
ARTICAINE,,,,,,,,0,40.0
FELBAMATE,,,,,,,,0,40.0
ETHOTOIN,,,,,,,,0,40.0
AMLEXANOX,,,,,,,,0,40.0
ALCLOFENAC,,,,,,,,0,40.0
BUPIVACAINE,,,,,,,,0,40.0
SODIUM NITRITE,,,,,,,,0,40.0
PARAMETHADIONE,,,,,,,,0,40.0
BIPERIDEN,,,,,,,,0,40.0
GLUTETHIMIDE,,,,,,,,0,40.0
FURAZOLIDONE,,,,,,,,0,40.0
EDROPHONIUM,,,,,,,,0,40.0
EPINASTINE,,,,,,,,0,40.0
HALOFANTRINE,,,,,,,,0,40.0
DROPERIDOL,,,,,,,,0,0.0
MIZOLASTINE,,,,,,,,0,40.0
SULFAPHENAZOLE,,,,,,,,0,40.0
ALOSETRON,,,,,,,,0,40.0
BUFEXAMAC,,,,,,,,0,40.0
PROGLUMIDE,,,,,,,,0,40.0
AMBRISENTAN,,,,,,,,0,40.0
ARIPIPRAZOLE,,,,,,,,0,40.0
AMOXAPINE,,,,,,,,0,0.0
PYRIDOSTIGMINE,,,,,,,,0,40.0
RALOXIFENE HYDROCHLORIDE,,,,,,,,0,40.0
IDARUBICIN,,,,,,,,0,40.0
BETAINE,,,,,,,,0,40.0
DESVENLAFAXINE,,,,,,,,0,40.0
MINODRONIC ACID,,,,,,,,0,40.0
BISMUTH SUBSALICYLATE,,,,,,,,0,40.0
LASOFOXIFENE,,,,,,,,0,40.0
REGADENOSON ANHYDROUS,,,,,,,,0,40.0
EXIFONE,,,,,,,,0,40.0
LEVOMILNACIPRAN,,,,,,,,0,40.0
IMIDAPRIL,,,,,,,,0,40.0
PENTAZOCINE,,,,,,,,0,0.0
DICYCLOMINE,,,,,,,,0,0.0
PENICILLIN G SODIUM,,,,,,,,0,40.0
EDROPHONIUM CHLORIDE,,,,,,,,0,40.0
TRIFLURIDINE,,,,,,,,0,40.0
ACITRETIN,,,,,,,,0,40.0
OXYBUTYNIN CHLORIDE,,,,,,,,0,40.0
DECAMETHONIUM BROMIDE,,,,,,,,0,40.0
TELITHROMYCIN,,,,,,,,0,40.0
EZETIMIBE,,,,,,,,0,40.0
EPOPROSTENOL,,,,,,,,0,40.0
NIACINAMIDE,,,,,,,,0,40.0
AMINEPTINE,,,,,,,,0,40.0
AMINOREX,,,,,,,,0,40.0
MIGALASTAT,,,,,,,,0,40.0
METHYL SALICYLATE,,,,,,,,0,40.0
POTASSIUM IODIDE,,,,,,,,0,40.0
PRAVASTATIN,,,,,,,,0,40.0
TORSEMIDE,,,,,,,,0,40.0
LEVOCARNITINE,,,,,,,,0,40.0
PREDNISOLONE ACETATE,,,,,,,,0,0.0
CHLORMADINONE ACETATE,,,,,,,,0,40.0
SELENOMETHIONINE,,,,,,,,0,40.0
PINACIDIL ANHYDROUS,,,,,,,,0,40.0
MOMETASONE FUROATE,,,,,,,,0,40.0
NORETHINDRONE,,,,,,,,0,40.0
ATAZANAVIR,,,,,,,,0,40.0
MOEXIPRIL,,,,,,,,0,40.0
ARGATROBAN,,,,,,,,0,40.0
SPECTINOMYCIN,,,,,,,,0,40.0
RAMIPRIL,,,,,,,,0,40.0
LISINOPRIL,,,,,,,,0,40.0
AMINOSALICYLIC ACID,,,,,,,,0,40.0
TESTOSTERONE PROPIONATE,,,,,,,,0,40.0
PRUCALOPRIDE,,,,,,,,0,40.0
DESLORATADINE,,,,,,,,0,40.0
DEQUALINIUM,,,,,,,,0,40.0
DULOXETINE,,,,,,,,0,40.0
PEMOLINE,,,,,,,,0,40.0
TETRABENAZINE,,,,,,,,0,40.0
HYDROGEN PEROXIDE,,,,,,,,0,40.0
ACETYLCHOLINE CHLORIDE,,,,,,,,0,40.0
ZOLMITRIPTAN,,,,,,,,0,40.0
PHOSPHORIC ACID,,,,,,,,0,40.0
DEQUALINIUM CHLORIDE,,,,,,,,0,40.0
DECAMETHONIUM,,,,,,,,0,40.0
TUBOCURARINE,,,,,,,,0,40.0
SULFAGUANIDINE,,,,,,,,0,0.0
SULFAMETHIZOLE,,,,,,,,0,40.0
PHENIRAMINE,,,,,,,,0,40.0
PRILOCAINE,,,,,,,,0,40.0
PROPOXYCAINE,,,,,,,,0,40.0
PROPARACAINE,,,,,,,,0,40.0
HEXYLCAINE,,,,,,,,0,40.0
PRAMOXINE,,,,,,,,0,40.0
BENOXINATE,,,,,,,,0,40.0
THIOTHIXENE,,,,,,,,0,40.0
BUTAMBEN,,,,,,,,0,40.0
CIPROFLOXACIN HYDROCHLORIDE,,,,,,,,0,40.0
NELFINAVIR MESYLATE,,,,,,,,0,40.0
ETHOPROPAZINE,,,,,,,,0,40.0
CINOXACIN,,,,,,,,0,40.0
CANGRELOR,,,,,,,,0,0.0
CARBENICILLIN,,,,,,,,0,40.0
BENOXAPROFEN,,,,,,,,0,40.0
PHENYLEPHRINE,,,,,,,,0,40.0
RAMELTEON,,,,,,,,0,0.0
RABEPRAZOLE,,,,,,,,0,40.0
TINIDAZOLE,,,,,,,,0,40.0
SULCONAZOLE,,,,,,,,0,40.0
ZOPICLONE,,,,,,,,0,40.0
PENICILLIN G POTASSIUM,,,,,,,,0,40.0
SODIUM NITROPRUSSIDE,,,,,,,,0,40.0
ACRIVASTINE,,,,,,,,0,40.0
TOLVAPTAN,,,,,,,,0,40.0
OXYPHENBUTAZONE ANHYDROUS,,,,,,,,0,0.0
OSELTAMIVIR,,,,,,,,0,40.0
PERAMIVIR ANHYDROUS,,,,,,,,0,40.0
IBUFENAC,,,,,,,,0,40.0
OXYBUTYNIN,,,,,,,,0,40.0
ERTAPENEM SODIUM,,,,,,,,0,40.0
CARISOPRODOL,,,,,,,,0,40.0
DEFEROXAMINE MESYLATE,,,,,,,,0,40.0
LISINOPRIL ANHYDROUS,,,,,,,,0,40.0
AZELAIC ACID,,,,,,,,0,40.0
BENZYL BENZOATE,,,,,,,,0,40.0
PROPANTHELINE BROMIDE,,,,,,,,0,40.0
TRIPELENNAMINE,,,,,,,,0,0.0
PHENAZOPYRIDINE,,,,,,,,0,40.0
CYCLOFENIL,,,,,,,,0,40.0
SULFACARBAMIDE,,,,,,,,0,0.0
SULFABENZAMIDE,,,,,,,,0,40.0
VILDAGLIPTIN,,,,,,,,0,40.0
TRIMETHAPHAN CAMSYLATE,,,,,,,,0,40.0
NAFTOPIDIL,,,,,,,,0,40.0
ISOFLURANE,,,,,,,,0,0.0
NITROGEN,,,,,,,,0,40.0
ENFLURANE,,,,,,,,0,40.0
METOCURINE,,,,,,,,0,40.0
CITRIC ACID,,,,,,,,0,40.0
OXICONAZOLE,,,,,,,,0,0.0
SALMETEROL,,,,,,,,0,0.0
OXALIPLATIN,,,,,,,,0,40.0
ADAPALENE,,,,,,,,0,40.0
GLAFENINE,,,,,,,,0,0.0
TETRAHYDROZOLINE,,,,,,,,0,40.0
PENTOLINIUM,,,,,,,,0,40.0
REPAGLINIDE,,,,,,,,0,40.0
NILUTAMIDE,,,,,,,,0,40.0
PERGOLIDE MESYLATE,,,,,,,,0,0.0
NARATRIPTAN,,,,,,,,0,40.0
FROVATRIPTAN,,,,,,,,0,40.0
VERAPAMIL HYDROCHLORIDE,,,,,,,,0,40.0
PHENOBARBITAL SODIUM,,,,,,,,0,40.0
IMIQUIMOD,,,,,,,,0,40.0
CINCHOPHEN,,,,,,,,0,40.0
LEVETIRACETAM,,,,,,,,0,40.0
HALOPROGIN,,,,,,,,0,40.0
PENBUTOLOL,,,,,,,,0,40.0
ANTRAFENINE,,,,,,,,0,40.0
BECLOBRATE,,,,,,,,0,40.0
METIPRANOLOL,,,,,,,,0,40.0
CLOFAZIMINE,,,,,,,,0,40.0
BETA CAROTENE,,,,,,,,0,40.0
QUINIDINE,,,,,,,,0,40.0
BUTOCONAZOLE,,,,,,,,0,40.0
CEFOTIAM,,,,,,,,0,40.0
FENOPROFEN,,,,,,,,0,40.0
KETOCONAZOLE,,,,,,,,0,40.0
QUININE,,,,,,,,0,40.0
DIAMTHAZOLE DIHYDROCHLORIDE,,,,,,,,0,40.0
HYDROXYSTILBAMIDINE,,,,,,,,0,40.0
ROTIGOTINE,,,,,,,,0,40.0
ANTAZOLINE,,,,,,,,0,40.0
FOMEPIZOLE,,,,,,,,0,40.0
ISOSORBIDE MONONITRATE,,,,,,,,0,40.0
TIOPRONIN,,,,,,,,0,40.0
CARPROFEN,,,,,,,,0,40.0
MOXISYLYTE,,,,,,,,0,40.0
PROCARBAZINE,,,,,,,,0,40.0
DARUNAVIR,,,,,,,,0,40.0
TOLCAPONE,,,,,,,,0,40.0
PENTAGASTRIN,,,,,,,,0,40.0
SORAFENIB,,,,,,,,0,40.0
CEVIMELINE,,,,,,,,0,40.0
PIXANTRONE,,,,,,,,0,0.0
NITISINONE,,,,,,,,0,40.0
PHENFORMIN,,,,,,,,0,0.0
AMIFAMPRIDINE,,,,,,,,0,40.0
LOMITAPIDE,,,,,,,,0,40.0
VARDENAFIL HYDROCHLORIDE,,,,,,,,0,40.0
METHOXYFLURANE,,,,,,,,0,40.0
OXYBATE,,,,,,,,0,40.0
GUANETHIDINE MONOSULFATE,,,,,,,,0,40.0
DARIFENACIN,,,,,,,,0,0.0
ORLISTAT,,,,,,,,0,40.0
RILPIVIRINE,,,,,,,,0,40.0
VALACYCLOVIR,,,,,,,,0,40.0
SPARSENTAN,,,,,,,,0,40.0
NERATINIB,,,,,,,,0,40.0
TILUDRONIC ACID,,,,,,,,0,40.0
CARBOPLATIN,,,,,,,,0,0.0
BLONANSERIN,,,,,,,,0,40.0
LORCASERIN,,,,,,,,0,0.0
RAMATROBAN,,,,,,,,0,40.0
SODIUM BICARBONATE,,,,,,,,0,40.0
SODIUM ACETATE,,,,,,,,0,40.0
SODIUM CITRATE,,,,,,,,0,40.0
SODIUM BENZOATE,,,,,,,,0,40.0
SODIUM LACTATE,,,,,,,,0,40.0
FULVESTRANT,,,,,,,,0,40.0
ERTAPENEM,,,,,,,,0,40.0
AMPICILLIN,,,,,,,,0,40.0
GALLAMINE,,,,,,,,0,40.0
ATRACURIUM,,,,,,,,0,40.0
PANCURONIUM,,,,,,,,0,0.0
ARFORMOTEROL,,,,,,,,0,40.0
PYRIDOXINE,,,,,,,,0,0.0
DRONEDARONE,,,,,,,,0,0.0
TERODILINE,,,,,,,,0,40.0
AURANOFIN,,,,,,,,0,40.0
"SODIUM PHOSPHATE, MONOBASIC",,,,,,,,0,0.0
SODIUM CARBONATE,,,,,,,,0,40.0
VILAZODONE,,,,,,,,0,40.0
BUDESONIDE,,,,,,,,0,40.0
PENTAMIDINE ISETHIONATE,,,,,,,,0,40.0
PIRPROFEN,,,,,,,,0,40.0
CHLORZOXAZONE,,,,,,,,0,40.0
ARTESUNATE,,,,,,,,0,40.0
BUFLOMEDIL,,,,,,,,0,40.0
TRIPARANOL,,,,,,,,0,40.0
METHYLENE BLUE CATION,,,,,,,,0,0.0
OXIGLUTATIONE,,,,,,,,0,40.0
MODAFINIL,,,,,,,,0,40.0
ESFLURBIPROFEN,,,,,,,,0,40.0
DEXIBUPROFEN,,,,,,,,0,40.0
CANNABIDIOL,,,,,,,,0,40.0
PALBOCICLIB,,,,,,,,0,40.0
PROGUANIL,,,,,,,,0,40.0
THIETHYLPERAZINE,,,,,,,,0,40.0
ROFLUMILAST,,,,,,,,0,40.0
ABACAVIR,,,,,,,,0,40.0
TOLTERODINE,,,,,,,,0,40.0
SAMIDORPHAN,,,,,,,,0,40.0
PAROMOMYCIN,,,,,,,,0,40.0
KANAMYCIN,,,,,,,,0,40.0
TROFINETIDE,,,,,,,,0,40.0
ESTRIOL,,,,,,,,0,40.0
NORETHYNODREL,,,,,,,,0,40.0
MONOBENZONE,,,,,,,,0,40.0
LEVONORGESTREL,,,,,,,,0,0.0
SPIRONOLACTONE,,,,,,,,0,40.0
MARALIXIBAT,,,,,,,,0,40.0
METHYLTESTOSTERONE,,,,,,,,0,0.0
RIVAROXABAN,,,,,,,,0,40.0
AMIKACIN,,,,,,,,0,40.0
COCAINE,,,,,,,,0,40.0
POSACONAZOLE,,,,,,,,0,40.0
STREPTOMYCIN,,,,,,,,0,40.0
DAUNORUBICIN,,,,,,,,0,0.0
ANASTROZOLE,,,,,,,,0,40.0
NITAZOXANIDE,,,,,,,,0,40.0
PYROVALERONE,,,,,,,,0,40.0
ELVITEGRAVIR,,,,,,,,0,40.0
BRINCIDOFOVIR,,,,,,,,0,40.0
RANOLAZINE,,,,,,,,0,40.0
NETUPITANT,,,,,,,,0,40.0
ESTRONE,,,,,,,,0,40.0
CHOLIC ACID,,,,,,,,0,0.0
FLUVOXAMINE MALEATE,,,,,,,,0,40.0
NONOXYNOL 9,,,,,,,,0,40.0
BREXANOLONE,,,,,,,,0,0.0
EPHEDRINE,,,,,,,,0,40.0
PIPERAZINE,,,,,,,,0,40.0
CICLOPIROX,,,,,,,,0,40.0
TAVABOROLE,,,,,,,,0,40.0
NEOSTIGMINE METHYLSULFATE,,,,,,,,0,40.0
VINBLASTINE SULFATE,,,,,,,,0,40.0
SIBUTRAMINE,,,,,,,,0,0.0
PRALIDOXIME,,,,,,,,0,40.0
FORODESINE,,,,,,,,0,40.0
GARENOXACIN,,,,,,,,0,40.0
BOCEPREVIR,,,,,,,,0,40.0
SAXAGLIPTIN ANHYDROUS,,,,,,,,0,0.0
DASATINIB ANHYDROUS,,,,,,,,0,40.0
SITAGLIPTIN,,,,,,,,0,40.0
PIMOZIDE,,,,,,,,0,40.0
TESTOSTERONE,,,,,,,,0,40.0
MERCAPTOPURINE ANHYDROUS,,,,,,,,0,40.0
DIAZOXIDE,,,,,,,,0,40.0
RIFAMPIN,,,,,,,,0,0.0
DELAMANID,,,,,,,,0,40.0
NIMODIPINE,,,,,,,,0,0.0
DEXAMETHASONE,,,,,,,,0,40.0
GANCICLOVIR,,,,,,,,0,40.0
ACYCLOVIR,,,,,,,,0,40.0
TELBIVUDINE,,,,,,,,0,40.0
DORZOLAMIDE,,,,,,,,0,40.0
BRINZOLAMIDE,,,,,,,,0,40.0
TOPIRAMATE,,,,,,,,0,40.0
LAROPIPRANT,,,,,,,,0,40.0
TOFACITINIB,,,,,,,,0,40.0
FLUOROURACIL,,,,,,,,0,40.0
PENICILLAMINE,,,,,,,,0,40.0
METFORMIN,,,,,,,,0,40.0
DIQUAFOSOL,,,,,,,,0,40.0
METHSCOPOLAMINE,,,,,,,,0,40.0
DOXYCYCLINE ANHYDROUS,,,,,,,,0,40.0
MINOCYCLINE,,,,,,,,0,40.0
CEFAZOLIN,,,,,,,,0,40.0
CEFUROXIME,,,,,,,,0,0.0
CEFEPIME,,,,,,,,0,40.0
TIPRANAVIR,,,,,,,,0,40.0
NOREPINEPHRINE,,,,,,,,0,40.0
FAVIPIRAVIR,,,,,,,,0,40.0
ZANAMIVIR,,,,,,,,0,40.0
TAZOBACTAM SODIUM,,,,,,,,0,40.0
TIGECYCLINE,,,,,,,,0,40.0
BROXYQUINOLINE,,,,,,,,0,40.0
BEDAQUILINE,,,,,,,,0,0.0
TETRACYCLINE,,,,,,,,0,40.0
ETHIONAMIDE,,,,,,,,0,40.0
RALTITREXED,,,,,,,,0,40.0
PEMETREXED,,,,,,,,0,0.0
DAPTOMYCIN,,,,,,,,0,40.0
HYDROCORTISONE,,,,,,,,0,40.0
NAFCILLIN,,,,,,,,0,0.0
BENZBROMARONE,,,,,,,,0,40.0
LETROZOLE,,,,,,,,0,40.0
EFAVIRENZ,,,,,,,,0,40.0
ALOGLIPTIN BENZOATE,,,,,,,,0,40.0
FLUOXYMESTERONE,,,,,,,,0,40.0
ALOGLIPTIN,,,,,,,,0,40.0
KANAMYCIN SULFATE,,,,,,,,0,40.0
LINCOMYCIN,,,,,,,,0,40.0
PRETOMANID,,,,,,,,0,40.0
NICLOSAMIDE,,,,,,,,0,40.0
TICARCILLIN,,,,,,,,0,40.0
ATOVAQUONE,,,,,,,,0,40.0
MILRINONE,,,,,,,,0,40.0
TRIAMCINOLONE,,,,,,,,0,40.0
SELADELPAR,,,,,,,,0,40.0
LEVAMISOLE,,,,,,,,0,40.0
ALTRETAMINE,,,,,,,,0,40.0
MYCOPHENOLATE MOFETIL,,,,,,,,0,0.0
HYDROCODONE,,,,,,,,0,40.0
SAFINAMIDE,,,,,,,,0,40.0
FLIBANSERIN,,,,,,,,0,0.0
AMISULPRIDE,,,,,,,,0,0.0
ESKETAMINE,,,,,,,,0,40.0
DIDANOSINE,,,,,,,,0,0.0
DIOSMIN,,,,,,,,0,40.0
FLUCYTOSINE,,,,,,,,0,0.0
WARFARIN,,,,,,,,0,40.0
PHENPROCOUMON,,,,,,,,0,0.0
DICUMAROL,,,,,,,,0,40.0
SODIUM SULFATE ANHYDROUS,,,,,,,,0,40.0
TELAPREVIR,,,,,,,,0,0.0
ALLOPURINOL,,,,,,,,0,40.0
BENZIODARONE,,,,,,,,0,40.0
MEPAZINE,,,,,,,,0,40.0
RIFABUTIN,,,,,,,,0,40.0
APIXABAN,,,,,,,,0,40.0
PHENYLBUTANOIC ACID,,,,,,,,0,40.0
RIFAMYCIN,,,,,,,,0,40.0
TIPIRACIL,,,,,,,,0,40.0
APREPITANT,,,,,,,,0,40.0
LINAGLIPTIN,,,,,,,,0,0.0
FLUTICASONE PROPIONATE,,,,,,,,0,0.0
TRIOXSALEN,,,,,,,,0,40.0
CERIVASTATIN,,,,,,,,0,40.0
CHENODIOL,,,,,,,,0,0.0
DANAZOL,,,,,,,,0,40.0
FELODIPINE,,,,,,,,0,40.0
GLIMEPIRIDE,,,,,,,,0,40.0
SELEXIPAG,,,,,,,,0,40.0
BETHANECHOL,,,,,,,,0,40.0
ALBENDAZOLE,,,,,,,,0,40.0
ATORVASTATIN CALCIUM,,,,,,,,0,40.0
NICARDIPINE,,,,,,,,0,40.0
OXYPHENISATINE,,,,,,,,0,40.0
LOSARTAN,,,,,,,,0,40.0
SILDENAFIL,,,,,,,,0,40.0
PEMAFIBRATE,,,,,,,,0,40.0
TICAGRELOR,,,,,,,,0,40.0
TENOFOVIR DISOPROXIL FUMARATE,,,,,,,,0,40.0
ATORVASTATIN,,,,,,,,0,40.0
URACIL MUSTARD,,,,,,,,0,40.0
AZACITIDINE,,,,,,,,0,40.0
TRIHEXYPHENIDYL,,,,,,,,0,40.0
AMLODIPINE,,,,,,,,0,40.0
BENFLUOREX,,,,,,,,0,40.0
FIPEXIDE,,,,,,,,0,0.0
DIPHENYLPYRALINE,,,,,,,,0,40.0
FLAVOXATE,,,,,,,,0,40.0
FLUPIRTINE,,,,,,,,0,40.0
OXYPHENCYCLIMINE,,,,,,,,0,40.0
SULOCTIDIL,,,,,,,,0,40.0
IDEBENONE,,,,,,,,0,0.0
ROSUVASTATIN,,,,,,,,0,40.0
BETAMETHASONE VALERATE,,,,,,,,0,40.0
DIGITOXIN,,,,,,,,0,40.0
FLUOCINONIDE,,,,,,,,0,40.0
HYDROMORPHONE,,,,,,,,0,40.0
NIFEDIPINE,,,,,,,,0,40.0
PANTOPRAZOLE,,,,,,,,0,40.0
OMEPRAZOLE,,,,,,,,0,40.0
TRIAMCINOLONE ACETONIDE,,,,,,,,0,40.0
ALMOTRIPTAN,,,,,,,,0,40.0
ESCITALOPRAM,,,,,,,,0,40.0
DROSPIRENONE,,,,,,,,0,0.0
ELETRIPTAN,,,,,,,,0,40.0
ESTRADIOL VALERATE,,,,,,,,0,40.0
FLUNISOLIDE,,,,,,,,0,40.0
IRBESARTAN,,,,,,,,0,40.0
LEVOMETHADYL ACETATE,,,,,,,,0,40.0
METHACYCLINE,,,,,,,,0,40.0
METHIMAZOLE,,,,,,,,0,40.0
OXYTETRACYCLINE,,,,,,,,0,40.0
PROPYLTHIOURACIL,,,,,,,,0,40.0
TRANDOLAPRIL,,,,,,,,0,0.0
VARDENAFIL,,,,,,,,0,40.0
ZALEPLON,,,,,,,,0,40.0
ESZOPICLONE,,,,,,,,0,40.0
DEXFENFLURAMINE,,,,,,,,0,0.0
PERMETHRIN,,,,,,,,0,40.0
RALTEGRAVIR,,,,,,,,0,40.0
FLUCICLOVINE F18,,,,,,,,0,40.0
LUMIRACOXIB,,,,,,,,0,40.0
MENTHOL,,,,,,,,0,0.0
SODIUM FLUORIDE,,,,,,,,0,40.0
DIPHENIDOL HYDROCHLORIDE,,,,,,,,0,40.0
ATALUREN,,,,,,,,0,40.0
MONENSIN,,,,,,,,0,40.0
NILOTINIB,,,,,,,,0,40.0
MILNACIPRAN,,,,,,,,0,40.0
TAPINAROF,,,,,,,,0,40.0
ETONOGESTREL,,,,,,,,0,40.0
QUINETHAZONE,,,,,,,,0,40.0
DESOGESTREL,,,,,,,,0,40.0
RIBOFLAVIN,,,,,,,,0,40.0
MOFEZOLAC,,,,,,,,0,0.0
HYDROXYCHLOROQUINE,,,,,,,,0,40.0
ERGOCALCIFEROL,,,,,,,,0,40.0
MECLOCYCLINE SULFOSALICYLATE,,,,,,,,0,40.0
AZLOCILLIN,,,,,,,,0,40.0
TENOFOVIR DISOPROXIL,,,,,,,,0,40.0
SULFADOXINE,,,,,,,,0,40.0
PENCICLOVIR,,,,,,,,0,0.0
CEFIXIME,,,,,,,,0,40.0
AZATHIOPRINE,,,,,,,,0,40.0
ULIPRISTAL ACETATE,,,,,,,,0,40.0
METHYLENE BLUE ANHYDROUS,,,,,,,,0,40.0
LIOTHYRONINE,,,,,,,,0,40.0
BELINOSTAT,,,,,,,,0,40.0
ALVIMOPAN,,,,,,,,0,40.0
HYDROXYAMPHETAMINE,,,,,,,,0,40.0
THIAMINE ION,,,,,,,,0,40.0
MARAVIROC,,,,,,,,0,40.0
ABIRATERONE ACETATE,,,,,,,,0,40.0
CHLORTETRACYCLINE,,,,,,,,0,40.0
NALFURAFINE,,,,,,,,0,40.0
HYDROCORTISONE CYPIONATE,,,,,,,,0,0.0
PHYTONADIONE,,,,,,,,0,40.0
DAPAGLIFLOZIN,,,,,,,,0,0.0
URSODIOL,,,,,,,,0,40.0
DEOXYCHOLIC ACID,,,,,,,,0,40.0
TAURURSODIOL,,,,,,,,0,40.0
GALANTAMINE HYDROBROMIDE,,,,,,,,0,40.0
ASCORBIC ACID,,,,,,,,0,40.0
DOPAMINE HYDROCHLORIDE,,,,,,,,0,40.0
PRAZOSIN HYDROCHLORIDE,,,,,,,,0,40.0
MICONAZOLE NITRATE,,,,,,,,0,40.0
CAPTOPRIL,,,,,,,,0,0.0
ATROPINE,,,,,,,,0,40.0
MIGLITOL,,,,,,,,0,40.0
DAUNORUBICIN HYDROCHLORIDE,,,,,,,,0,40.0
BUPRENORPHINE,,,,,,,,0,40.0
DIPHENYLPYRALINE HYDROCHLORIDE,,,,,,,,0,40.0
COCAINE HYDROCHLORIDE,,,,,,,,0,40.0
IVABRADINE,,,,,,,,0,40.0
CUPRIC CHLORIDE,,,,,,,,0,40.0
SUNITINIB MALATE,,,,,,,,0,40.0
SIMEPREVIR,,,,,,,,0,40.0
TREOSULFAN,,,,,,,,0,40.0
URETHANE,,,,,,,,0,0.0
AMANTADINE HYDROCHLORIDE,,,,,,,,0,40.0
SULFOXONE,,,,,,,,0,40.0
TENIPOSIDE,,,,,,,,0,0.0
TESTOLACTONE,,,,,,,,0,40.0
METAMIZOLE,,,,,,,,0,0.0
METRIZAMIDE,,,,,,,,0,40.0
NETILMICIN,,,,,,,,0,40.0
PHENTERMINE,,,,,,,,0,0.0
ETHINAMATE,,,,,,,,0,40.0
METHYCLOTHIAZIDE,,,,,,,,0,40.0
ANISOTROPINE METHYLBROMIDE,,,,,,,,0,40.0
PENTOSTATIN,,,,,,,,0,40.0
PERINDOPRIL,,,,,,,,0,40.0
AZARIBINE,,,,,,,,0,40.0
BACAMPICILLIN,,,,,,,,0,40.0
PIPERACETAZINE,,,,,,,,0,40.0
PIPOBROMAN,,,,,,,,0,0.0
PYRITINOL,,,,,,,,0,40.0
POLYTHIAZIDE,,,,,,,,0,0.0
BENDAMUSTINE,,,,,,,,0,40.0
THIAMINE,,,,,,,,0,40.0
ACETOHEXAMIDE,,,,,,,,0,40.0
PSEUDOEPHEDRINE,,,,,,,,0,40.0
DEMECLOCYCLINE,,,,,,,,0,40.0
QUINAPRIL,,,,,,,,0,0.0
PANTOTHENIC ACID,,,,,,,,0,40.0
DIHYDROCODEINE,,,,,,,,0,40.0
PITOLISANT,,,,,,,,0,40.0
CARBENICILLIN INDANYL,,,,,,,,0,40.0
DIMERCAPROL,,,,,,,,0,40.0
CEPHAPIRIN,,,,,,,,0,40.0
CEFONICID,,,,,,,,0,0.0
CEPHRADINE,,,,,,,,0,40.0
CEFTIBUTEN,,,,,,,,0,0.0
TETRACYCLINE HYDROCHLORIDE,,,,,,,,0,40.0
TOPOTECAN HYDROCHLORIDE,,,,,,,,0,40.0
ELTROMBOPAG,,,,,,,,0,40.0
CEFOTETAN,,,,,,,,0,40.0
APREMILAST,,,,,,,,0,0.0
PHENYTOIN SODIUM,,,,,,,,0,40.0
BETRIXABAN,,,,,,,,0,40.0
GOSOGLIPTIN,,,,,,,,0,40.0
VISMODEGIB,,,,,,,,0,40.0
DORIPENEM,,,,,,,,0,40.0
NADOLOL,,,,,,,,0,40.0
DOXORUBICIN HYDROCHLORIDE,,,,,,,,0,40.0
DESLANOSIDE,,,,,,,,0,40.0
RIFAXIMIN,,,,,,,,0,40.0
CEFAMANDOLE NAFATE,,,,,,,,0,40.0
CLADRIBINE,,,,,,,,0,40.0
DIPHENHYDRAMINE HYDROCHLORIDE,,,,,,,,0,40.0
PALIPERIDONE,,,,,,,,0,40.0
FOLIC ACID,,,,,,,,0,0.0
MEPENZOLATE,,,,,,,,0,40.0
MECLIZINE,,,,,,,,0,0.0
LEVOTHYROXINE,,,,,,,,0,40.0
TEMOPORFIN,,,,,,,,0,40.0
OXYBENZONE,,,,,,,,0,40.0
CLEMASTINE,,,,,,,,0,40.0
OLAPARIB,,,,,,,,0,40.0
RALTEGRAVIR POTASSIUM,,,,,,,,0,40.0
XIMELAGATRAN,,,,,,,,0,40.0
CEPHALOTHIN SODIUM,,,,,,,,0,40.0
KETOTIFEN FUMARATE,,,,,,,,0,40.0
LANINAMIVIR OCTANOATE,,,,,,,,0,40.0
GEMCITABINE HYDROCHLORIDE,,,,,,,,0,40.0
ALISKIREN,,,,,,,,0,0.0
TRYPAN BLUE,,,,,,,,0,40.0
HYDROCORTISONE PHOSPHORIC ACID,,,,,,,,0,0.0
PLITIDEPSIN,,,,,,,,0,40.0
IMATINIB MESYLATE,,,,,,,,0,40.0
RIBAVIRIN,,,,,,,,0,40.0
CEFADROXIL,,,,,,,,0,40.0
ESTRONE SULFURIC ACID,,,,,,,,0,0.0
FLURPIRIDAZ,,,,,,,,0,40.0
INDOCYANINE GREEN,,,,,,,,0,0.0
ISRADIPINE,,,,,,,,0,40.0
VORAPAXAR,,,,,,,,0,40.0
CORTISONE ACETATE,,,,,,,,0,40.0
VINBARBITAL,,,,,,,,0,40.0
HEPTABARBITAL,,,,,,,,0,40.0
PAZOPANIB,,,,,,,,0,40.0
AMBENONIUM,,,,,,,,0,40.0
VOGLIBOSE,,,,,,,,0,40.0
VINCRISTINE SULFATE,,,,,,,,0,40.0
PHENIRAMINE MALEATE,,,,,,,,0,40.0
TRABECTEDIN,,,,,,,,0,40.0
RISEDRONATE SODIUM,,,,,,,,0,40.0
TOREMIFENE,,,,,,,,0,40.0
TAZAROTENE,,,,,,,,0,40.0
RETAPAMULIN,,,,,,,,0,40.0
CHLORPHENIRAMINE MALEATE,,,,,,,,0,40.0
CEFTAROLINE FOSAMIL,,,,,,,,0,40.0
RIFAPENTINE,,,,,,,,0,40.0
LACTITOL,,,,,,,,0,40.0
SECNIDAZOLE,,,,,,,,0,40.0
PERFLUTREN,,,,,,,,0,40.0
UMECLIDINIUM BROMIDE,,,,,,,,0,40.0
PANOBINOSTAT,,,,,,,,0,40.0
FOSAMPRENAVIR,,,,,,,,0,40.0
MICAFUNGIN,,,,,,,,0,40.0
RESCINNAMINE,,,,,,,,0,40.0
HEXAMETHYL PARAROSANILINE,,,,,,,,0,40.0
MITOTANE,,,,,,,,0,40.0
PROPRANOLOL HYDROCHLORIDE,,,,,,,,0,40.0
CEFDITOREN PIVOXIL,,,,,,,,0,40.0
MAVORIXAFOR,,,,,,,,0,40.0
VITAMIN A PALMITATE,,,,,,,,0,40.0
FLUTICASONE FUROATE,,,,,,,,0,40.0
TACRINE HYDROCHLORIDE,,,,,,,,0,40.0
DONEPEZIL HYDROCHLORIDE,,,,,,,,0,40.0
CEFOPERAZONE,,,,,,,,0,40.0
LEUCOVORIN,,,,,,,,0,40.0
IODOHIPPURATE,,,,,,,,0,40.0
SORBITOL,,,,,,,,0,0.0
NALFURAFINE HYDROCHLORIDE,,,,,,,,0,40.0
HYDROCORTISONE BUTYRATE,,,,,,,,0,40.0
ELAGOLIX SODIUM,,,,,,,,0,40.0
BENDROFLUMETHIAZIDE,,,,,,,,0,40.0
SULFISOMIDINE,,,,,,,,0,40.0
DEZOCINE,,,,,,,,0,0.0
MARIBAVIR,,,,,,,,0,40.0
CRISABOROLE,,,,,,,,0,40.0
NINTEDANIB,,,,,,,,0,40.0
TOLAZOLINE HYDROCHLORIDE,,,,,,,,0,40.0
HYDROXYCHLOROQUINE SULFATE,,,,,,,,0,40.0
MEFLOQUINE HYDROCHLORIDE,,,,,,,,0,40.0
BETAXOLOL HYDROCHLORIDE,,,,,,,,0,40.0
HYDRALAZINE HYDROCHLORIDE,,,,,,,,0,40.0
FINGOLIMOD HYDROCHLORIDE,,,,,,,,0,40.0
IMIPRAMINE HYDROCHLORIDE,,,,,,,,0,40.0
DIETHYLPROPION HYDROCHLORIDE,,,,,,,,0,40.0
BENAZEPRIL HYDROCHLORIDE,,,,,,,,0,40.0
TIAGABINE HYDROCHLORIDE,,,,,,,,0,40.0
DESIPRAMINE HYDROCHLORIDE,,,,,,,,0,40.0
DILTIAZEM HYDROCHLORIDE,,,,,,,,0,0.0
BUPROPION HYDROCHLORIDE,,,,,,,,0,40.0
MEMANTINE HYDROCHLORIDE,,,,,,,,0,40.0
SOTALOL HYDROCHLORIDE,,,,,,,,0,40.0
MEPERIDINE HYDROCHLORIDE,,,,,,,,0,40.0
ATOMOXETINE HYDROCHLORIDE,,,,,,,,0,40.0
METFORMIN HYDROCHLORIDE,,,,,,,,0,40.0
CLONIDINE HYDROCHLORIDE,,,,,,,,0,40.0
NAPHAZOLINE HYDROCHLORIDE,,,,,,,,0,0.0
LOPERAMIDE HYDROCHLORIDE,,,,,,,,0,40.0
SERTRALINE HYDROCHLORIDE,,,,,,,,0,40.0
RIMANTADINE HYDROCHLORIDE,,,,,,,,0,40.0
ISOPROTERENOL HYDROCHLORIDE,,,,,,,,0,40.0
CHLORPROMAZINE HYDROCHLORIDE,,,,,,,,0,40.0
KETAMINE HYDROCHLORIDE,,,,,,,,0,40.0
PIOGLITAZONE HYDROCHLORIDE,,,,,,,,0,40.0
CYPROHEPTADINE HYDROCHLORIDE,,,,,,,,0,40.0
TICLOPIDINE HYDROCHLORIDE,,,,,,,,0,40.0
NALOXONE HYDROCHLORIDE,,,,,,,,0,40.0
TERODILINE HYDROCHLORIDE,,,,,,,,0,0.0
OLOPATADINE HYDROCHLORIDE,,,,,,,,0,40.0
PALONOSETRON HYDROCHLORIDE,,,,,,,,0,40.0
METHYLPHENIDATE HYDROCHLORIDE,,,,,,,,0,40.0
ALFUZOSIN HYDROCHLORIDE,,,,,,,,0,40.0
MEPENZOLATE BROMIDE,,,,,,,,0,40.0
IOPROMIDE,,,,,,,,0,40.0
NISOLDIPINE,,,,,,,,0,0.0
CEPHALEXIN ANHYDROUS,,,,,,,,0,40.0
LOMEFLOXACIN HYDROCHLORIDE,,,,,,,,0,40.0
CISAPRIDE,,,,,,,,0,40.0
TREPROSTINIL SODIUM,,,,,,,,0,40.0
CEFOTAXIME,,,,,,,,0,40.0
MEZLOCILLIN,,,,,,,,0,40.0
DIHYDROERGOTAMINE,,,,,,,,0,0.0
TROLEANDOMYCIN,,,,,,,,0,40.0
VINORELBINE,,,,,,,,0,40.0
DABIGATRAN ETEXILATE,,,,,,,,0,40.0
SOLIFENACIN,,,,,,,,0,0.0
ACLIDINIUM BROMIDE,,,,,,,,0,40.0
INDINAVIR SULFATE,,,,,,,,0,40.0
METHYLENE BLUE,,,,,,,,0,0.0
METRIZOIC ACID,,,,,,,,0,40.0
CIPROFIBRATE,,,,,,,,0,40.0
VINORELBINE TARTRATE,,,,,,,,0,40.0
SILDENAFIL CITRATE,,,,,,,,0,40.0
DEFERASIROX,,,,,,,,0,40.0
FORODESINE HYDROCHLORIDE,,,,,,,,0,40.0
DEXRAZOXANE,,,,,,,,0,40.0
METOCURINE IODIDE,,,,,,,,0,40.0
CLARITHROMYCIN,,,,,,,,0,40.0
QUIZARTINIB,,,,,,,,0,40.0
ARTEMETHER,,,,,,,,0,40.0
OBETICHOLIC ACID,,,,,,,,0,40.0
FLORBETABEN F18,,,,,,,,0,40.0
FLUMEXADOL,,,,,,,,0,40.0
SODIUM PHENYLBUTYRATE,,,,,,,,0,40.0
FLUTEMETAMOL,,,,,,,,0,40.0
TOBRAMYCIN,,,,,,,,0,40.0
SCOPOLAMINE,,,,,,,,0,40.0
TIRBANIBULIN,,,,,,,,0,0.0
EDETATE DISODIUM ANHYDROUS,,,,,,,,0,0.0
CLOFARABINE,,,,,,,,0,40.0
FENSPIRIDE,,,,,,,,0,40.0
DIGOXIN,,,,,,,,0,40.0
DYPHYLLINE,,,,,,,,0,40.0
CLINDAMYCIN,,,,,,,,0,40.0
DOXAPRAM,,,,,,,,0,40.0
CONIVAPTAN,,,,,,,,0,40.0
ESTRAMUSTINE PHOSPHATE,,,,,,,,0,0.0
FOSFOMYCIN,,,,,,,,0,40.0
TERBUTALINE,,,,,,,,0,0.0
PROCYCLIDINE HYDROCHLORIDE,,,,,,,,0,40.0
TOCAINIDE,,,,,,,,0,40.0
HYDROFLUMETHIAZIDE,,,,,,,,0,40.0
LEVOMEPROMAZINE,,,,,,,,0,40.0
DESOXIMETASONE,,,,,,,,0,40.0
BETHANECHOL CHLORIDE,,,,,,,,0,40.0
PROPOXYCAINE HYDROCHLORIDE,,,,,,,,0,40.0
LEVAMISOLE HYDROCHLORIDE,,,,,,,,0,40.0
SODIUM ASCORBATE,,,,,,,,0,40.0
CLOPIDOGREL,,,,,,,,0,40.0
CAPECITABINE,,,,,,,,0,40.0
MONOMETHYL FUMARATE,,,,,,,,0,40.0
CRIZOTINIB,,,,,,,,0,40.0
OLODATEROL,,,,,,,,0,0.0
CHLORPHENESIN CARBAMATE,,,,,,,,0,40.0
CARBENICILLIN DISODIUM,,,,,,,,0,40.0
MIDOSTAURIN,,,,,,,,0,40.0
BRIVARACETAM,,,,,,,,0,40.0
IMIPENEM,,,,,,,,0,0.0
ERLOTINIB HYDROCHLORIDE,,,,,,,,0,40.0
METAXALONE,,,,,,,,0,40.0
VARENICLINE,,,,,,,,0,40.0
MOMELOTINIB,,,,,,,,0,40.0
ROPIVACAINE,,,,,,,,0,40.0
BENDAZAC,,,,,,,,0,40.0
OPICAPONE,,,,,,,,0,40.0
TRYPAN BLUE FREE ACID,,,,,,,,0,40.0
INDIGOTINDISULFONATE,,,,,,,,0,40.0
METHYL AMINOLEVULINATE,,,,,,,,0,40.0
FLUDARABINE PHOSPHATE,,,,,,,,0,40.0
IOTHALAMATE SODIUM,,,,,,,,0,40.0
PIRBUTEROL,,,,,,,,0,40.0
VALRUBICIN,,,,,,,,0,40.0
NIRAPARIB,,,,,,,,0,40.0
BRETYLIUM TOSYLATE,,,,,,,,0,40.0
CEFUROXIME AXETIL,,,,,,,,0,40.0
2-MERCAPTOETHANESULFONIC ACID,,,,,,,,0,0.0
INDACATEROL,,,,,,,,0,40.0
CANGRELOR TETRASODIUM,,,,,,,,0,40.0
EPLERENONE,,,,,,,,0,40.0
WATER,,,,,,,,0,40.0
PONESIMOD,,,,,,,,0,40.0
SUVOREXANT,,,,,,,,0,40.0
CLOPIDOGREL BISULFATE,,,,,,,,0,40.0
AMIODARONE HYDROCHLORIDE,,,,,,,,0,40.0
TRICLABENDAZOLE,,,,,,,,0,0.0
ENZALUTAMIDE,,,,,,,,0,40.0
SALMETEROL XINAFOATE,,,,,,,,0,40.0
VILANTEROL TRIFENATATE,,,,,,,,0,40.0
CLOBETASOL PROPIONATE,,,,,,,,0,40.0
"AMMONIA SOLUTION, STRONG",,,,,,,,0,0.0
NITROUS ACID,,,,,,,,0,0.0
VINCAMINE,,,,,,,,0,0.0
IODIPAMIDE,,,,,,,,0,40.0
FEBUXOSTAT,,,,,,,,0,40.0
PONATINIB,,,,,,,,0,40.0
AFATINIB,,,,,,,,0,40.0
RUCAPARIB,,,,,,,,0,40.0
CHLOROPROCAINE,,,,,,,,0,40.0
PROPANTHELINE,,,,,,,,0,40.0
MIVACURIUM,,,,,,,,0,40.0
ISAVUCONAZONIUM,,,,,,,,0,40.0
ALMITRINE,,,,,,,,0,40.0
DIAMTHAZOLE,,,,,,,,0,40.0
DITHIAZANINE,,,,,,,,0,40.0
METHYLNALTREXONE,,,,,,,,0,0.0
ANISOTROPINE,,,,,,,,0,0.0
UMECLIDINIUM,,,,,,,,0,40.0
OLOPATADINE,,,,,,,,0,0.0
PALONOSETRON,,,,,,,,0,0.0
ACLIDINIUM,,,,,,,,0,40.0
DIETHYLPROPION,,,,,,,,0,40.0
VILANTEROL,,,,,,,,0,0.0
BRETYLIUM,,,,,,,,0,40.0
FOSAPREPITANT,,,,,,,,0,40.0
SULFISOXAZOLE DIOLAMINE,,,,,,,,0,40.0
ESCITALOPRAM OXALATE,,,,,,,,0,40.0
LABETALOL HYDROCHLORIDE,,,,,,,,0,40.0
NICARDIPINE HYDROCHLORIDE,,,,,,,,0,40.0
DULOXETINE HYDROCHLORIDE,,,,,,,,0,40.0
TIZANIDINE HYDROCHLORIDE,,,,,,,,0,40.0
PILOCARPINE HYDROCHLORIDE,,,,,,,,0,40.0
FOSFOMYCIN TROMETHAMINE,,,,,,,,0,40.0
PROTRIPTYLINE HYDROCHLORIDE,,,,,,,,0,40.0
TECHNETIUM TC 99M PYROPHOSPHATE,,,,,,,,0,40.0
MORICIZINE HYDROCHLORIDE,,,,,,,,0,40.0
TESTOSTERONE ENANTHATE,,,,,,,,0,40.0
PINACIDIL,,,,,,,,0,0.0
PHENYLEPHRINE HYDROCHLORIDE,,,,,,,,0,40.0
OSELTAMIVIR PHOSPHATE,,,,,,,,0,40.0
INDECAINIDE HYDROCHLORIDE,,,,,,,,0,40.0
PARAMETHASONE ACETATE,,,,,,,,0,0.0
PERINDOPRIL ERBUMINE,,,,,,,,0,40.0
SODIUM SUCCINATE,,,,,,,,0,40.0
GADODIAMIDE,,,,,,,,0,40.0
ISOPROPAMIDE IODIDE,,,,,,,,0,40.0
SULCONAZOLE NITRATE,,,,,,,,0,0.0
IODIPAMIDE SODIUM,,,,,,,,0,40.0
SULFADIAZINE SODIUM,,,,,,,,0,40.0
MEGLUMINE METRIZOATE,,,,,,,,0,0.0
SODIUM TETRADECYL SULFATE,,,,,,,,0,40.0
CYCLACILLIN,,,,,,,,0,40.0
MOXALACTAM DISODIUM,,,,,,,,0,40.0
SODIUM PHENYLACETATE,,,,,,,,0,40.0
SULFAMETER,,,,,,,,0,40.0
IOFETAMINE HYDROCHLORIDE I 123,,,,,,,,0,40.0
AMINOHIPPURATE SODIUM,,,,,,,,0,40.0
CEPHALEXIN HYDROCHLORIDE,,,,,,,,0,40.0
ECHOTHIOPHATE IODIDE,,,,,,,,0,40.0
BENTIROMIDE,,,,,,,,0,0.0
BENZOYL PEROXIDE,,,,,,,,0,40.0
EXEMESTANE,,,,,,,,0,0.0
EDETATE CALCIUM DISODIUM ANHYDROUS,,,,,,,,0,40.0
BETAMETHASONE BENZOATE,,,,,,,,0,40.0
AMPHETAMINE ASPARTATE,,,,,,,,0,40.0
APRACLONIDINE HYDROCHLORIDE,,,,,,,,0,40.0
ACYCLOVIR SODIUM,,,,,,,,0,40.0
ARGININE HYDROCHLORIDE,,,,,,,,0,40.0
BEPRIDIL HYDROCHLORIDE,,,,,,,,0,40.0
BENZTROPINE MESYLATE,,,,,,,,0,40.0
BETAMETHASONE DIPROPIONATE,,,,,,,,0,40.0
ARBUTAMINE HYDROCHLORIDE,,,,,,,,0,40.0
PREDNICARBATE,,,,,,,,0,40.0
AMPHETAMINE ADIPATE,,,,,,,,0,40.0
CLOXACILLIN SODIUM,,,,,,,,0,40.0
BRIMONIDINE TARTRATE,,,,,,,,0,40.0
TROMETHAMINE,,,,,,,,0,40.0
DOXYLAMINE SUCCINATE,,,,,,,,0,40.0
GREPAFLOXACIN HYDROCHLORIDE,,,,,,,,0,40.0
ORPHENADRINE CITRATE,,,,,,,,0,40.0
BUPIVACAINE HYDROCHLORIDE,,,,,,,,0,40.0
BUTENAFINE HYDROCHLORIDE,,,,,,,,0,40.0
BUTOCONAZOLE NITRATE,,,,,,,,0,40.0
BUSPIRONE HYDROCHLORIDE,,,,,,,,0,40.0
AZATHIOPRINE SODIUM,,,,,,,,0,0.0
AMLODIPINE BESYLATE,,,,,,,,0,40.0
BITOLTEROL MESYLATE,,,,,,,,0,40.0
DIMENHYDRINATE,,,,,,,,0,40.0
LIDOCAINE HYDROCHLORIDE,,,,,,,,0,40.0
PROCARBAZINE HYDROCHLORIDE,,,,,,,,0,0.0
ROPINIROLE HYDROCHLORIDE,,,,,,,,0,40.0
NANDROLONE PHENPROPIONATE,,,,,,,,0,0.0
TETRAHYDROZOLINE HYDROCHLORIDE,,,,,,,,0,40.0
TECHNETIUM TC 99M OXIDRONATE,,,,,,,,0,40.0
DOBUTAMINE HYDROCHLORIDE,,,,,,,,0,40.0
MOLINDONE HYDROCHLORIDE,,,,,,,,0,40.0
MIDAZOLAM HYDROCHLORIDE,,,,,,,,0,40.0
TECHNETIUM TC 99M MEBROFENIN,,,,,,,,0,40.0
METRIZOATE SODIUM,,,,,,,,0,40.0
PENTETATE ZINC TRISODIUM,,,,,,,,0,0.0
PARGYLINE HYDROCHLORIDE,,,,,,,,0,0.0
METHIXENE HYDROCHLORIDE,,,,,,,,0,40.0
ESTRADIOL ACETATE,,,,,,,,0,40.0
GADOPENTETATE DIMEGLUMINE,,,,,,,,0,40.0
METHYLDOPATE HYDROCHLORIDE,,,,,,,,0,40.0
OXTRIPHYLLINE,,,,,,,,0,40.0
OXANDROLONE,,,,,,,,0,40.0
QUINIDINE GLUCONATE,,,,,,,,0,40.0
TIOCONAZOLE,,,,,,,,0,40.0
IODOHIPPURATE SODIUM I 123,,,,,,,,0,40.0
MEPIVACAINE HYDROCHLORIDE,,,,,,,,0,40.0
MERETHOXYLLINE PROCAINE,,,,,,,,0,40.0
PIRBUTEROL ACETATE,,,,,,,,0,40.0
TRIPELENNAMINE HYDROCHLORIDE,,,,,,,,0,40.0
TILUDRONATE DISODIUM,,,,,,,,0,40.0
TRIAMCINOLONE DIACETATE,,,,,,,,0,40.0
INDIUM IN 111 OXYQUINOLINE,,,,,,,,0,40.0
DOCOSANOL,,,,,,,,0,40.0
VALGANCICLOVIR HYDROCHLORIDE,,,,,,,,0,40.0
IOHEXOL,,,,,,,,0,40.0
GADOVERSETAMIDE,,,,,,,,0,40.0
POTASSIUM CITRATE ANHYDROUS,,,,,,,,0,0.0
"POTASSIUM PHOSPHATE, DIBASIC",,,,,,,,0,0.0
MIDODRINE HYDROCHLORIDE,,,,,,,,0,40.0
OXAPROZIN POTASSIUM,,,,,,,,0,40.0
PROPARACAINE HYDROCHLORIDE,,,,,,,,0,40.0
HYDROXYZINE PAMOATE,,,,,,,,0,0.0
MALATHION,,,,,,,,0,40.0
PROMAZINE HYDROCHLORIDE,,,,,,,,0,40.0
ESOMEPRAZOLE SODIUM,,,,,,,,0,40.0
PYRITHIONE ZINC,,,,,,,,0,40.0
QUAZEPAM,,,,,,,,0,40.0
CYCLOPENTOLATE HYDROCHLORIDE,,,,,,,,0,40.0
DEMECLOCYCLINE HYDROCHLORIDE,,,,,,,,0,40.0
DAUNORUBICIN CITRATE,,,,,,,,0,40.0
ALLOPURINOL SODIUM,,,,,,,,0,40.0
DYCLONINE HYDROCHLORIDE,,,,,,,,0,0.0
DICYCLOMINE HYDROCHLORIDE,,,,,,,,0,40.0
CEFOPERAZONE SODIUM,,,,,,,,0,40.0
PHENMETRAZINE HYDROCHLORIDE,,,,,,,,0,40.0
SORAFENIB TOSYLATE,,,,,,,,0,40.0
ETHACRYNATE SODIUM,,,,,,,,0,0.0
EPINASTINE HYDROCHLORIDE,,,,,,,,0,40.0
NEFAZODONE HYDROCHLORIDE,,,,,,,,0,40.0
NAFTIFINE HYDROCHLORIDE,,,,,,,,0,40.0
GUANFACINE HYDROCHLORIDE,,,,,,,,0,40.0
HYDROCORTISONE SODIUM SUCCINATE,,,,,,,,0,0.0
CALCIUM,,,,,,,,0,40.0
CYCLIZINE LACTATE,,,,,,,,0,40.0
ALATROFLOXACIN MESYLATE,,,,,,,,0,40.0
BECLOMETHASONE DIPROPIONATE,,,,,,,,0,40.0
BROMOCRIPTINE MESYLATE,,,,,,,,0,40.0
ERYTHROMYCIN LACTOBIONATE,,,,,,,,0,40.0
IOXAGLATE MEGLUMINE,,,,,,,,0,40.0
ERYTHROMYCIN STEARATE,,,,,,,,0,40.0
DEMECARIUM BROMIDE,,,,,,,,0,40.0
DESERPIDINE,,,,,,,,0,40.0
DIHYDROERGOTAMINE MESYLATE,,,,,,,,0,40.0
ALMOTRIPTAN MALATE,,,,,,,,0,40.0
AVOBENZONE,,,,,,,,0,40.0
CEFAZOLIN SODIUM,,,,,,,,0,40.0
ATRACURIUM BESYLATE,,,,,,,,0,40.0
CHROMIC CHLORIDE,,,,,,,,0,40.0
COBALTOUS CHLORIDE CO 57,,,,,,,,0,40.0
CEFOXITIN SODIUM,,,,,,,,0,0.0
ALFENTANIL HYDROCHLORIDE,,,,,,,,0,40.0
METHDILAZINE HYDROCHLORIDE,,,,,,,,0,40.0
MOEXIPRIL HYDROCHLORIDE,,,,,,,,0,40.0
THALLOUS CHLORIDE TL 201,,,,,,,,0,40.0
BETAMETHASONE ACETATE,,,,,,,,0,40.0
CALCIUM CARBONATE,,,,,,,,0,40.0
AMBENONIUM CHLORIDE,,,,,,,,0,40.0
DESOXYCORTICOSTERONE ACETATE,,,,,,,,0,40.0
ANILERIDINE PHOSPHATE,,,,,,,,0,40.0
CEPHALEXIN,,,,,,,,0,40.0
DIFLORASONE DIACETATE,,,,,,,,0,40.0
RAPACURONIUM BROMIDE,,,,,,,,0,40.0
ANTAZOLINE PHOSPHATE,,,,,,,,0,40.0
CUPRIC CHLORIDE ANHYDROUS,,,,,,,,0,40.0
MANGANESE SULFATE ANHYDROUS,,,,,,,,0,40.0
LACTIC ACID,,,,,,,,0,40.0
GUANABENZ ACETATE,,,,,,,,0,40.0
DOXAZOSIN MESYLATE,,,,,,,,0,40.0
HYDROCORTISONE VALERATE,,,,,,,,0,40.0
CERIVASTATIN SODIUM,,,,,,,,0,0.0
CAFFEINE CITRATE,,,,,,,,0,40.0
MEGLUMINE,,,,,,,,0,40.0
GADOBENATE DIMEGLUMINE,,,,,,,,0,40.0
MAGNESIUM OXIDE,,,,,,,,0,40.0
SODIUM CHLORIDE,,,,,,,,0,40.0
CYSTEAMINE BITARTRATE,,,,,,,,0,40.0
THEOPHYLLINE SODIUM GLYCINATE,,,,,,,,0,40.0
SULFOXONE SODIUM,,,,,,,,0,40.0
DIATRIZOATE SODIUM,,,,,,,,0,40.0
AMINOLEVULINIC ACID HYDROCHLORIDE,,,,,,,,0,0.0
AMINOSALICYLATE POTASSIUM,,,,,,,,0,40.0
OXYMETHOLONE,,,,,,,,0,40.0
PRILOCAINE HYDROCHLORIDE,,,,,,,,0,0.0
CLINDAMYCIN HYDROCHLORIDE,,,,,,,,0,40.0
DESOXYCORTICOSTERONE PIVALATE,,,,,,,,0,40.0
GADOTERIDOL,,,,,,,,0,40.0
CHLORPHENTERMINE HYDROCHLORIDE,,,,,,,,0,0.0
CHLOROXINE,,,,,,,,0,40.0
ETIDOCAINE HYDROCHLORIDE,,,,,,,,0,40.0
DIETHYLSTILBESTROL DIPHOSPHATE,,,,,,,,0,40.0
DIFENOXIN HYDROCHLORIDE,,,,,,,,0,40.0
FLUOROMETHOLONE,,,,,,,,0,40.0
NARATRIPTAN HYDROCHLORIDE,,,,,,,,0,0.0
TROPICAMIDE,,,,,,,,0,40.0
MEXILETINE HYDROCHLORIDE,,,,,,,,0,40.0
PERFLEXANE,,,,,,,,0,40.0
PAROXETINE MESYLATE,,,,,,,,0,40.0
LORACARBEF,,,,,,,,0,40.0
DIBUCAINE HYDROCHLORIDE,,,,,,,,0,40.0
TOLMETIN SODIUM,,,,,,,,0,0.0
IOVERSOL,,,,,,,,0,40.0
CHLOROTHIAZIDE SODIUM,,,,,,,,0,40.0
RIMEXOLONE,,,,,,,,0,40.0
FEXOFENADINE HYDROCHLORIDE,,,,,,,,0,40.0
GEMIFLOXACIN MESYLATE,,,,,,,,0,40.0
PARICALCITOL,,,,,,,,0,40.0
ETHYLESTRENOL,,,,,,,,0,0.0
ETHYNODIOL DIACETATE,,,,,,,,0,40.0
STRONTIUM CHLORIDE SR 89,,,,,,,,0,40.0
PROPIOLACTONE,,,,,,,,0,40.0
VANCOMYCIN HYDROCHLORIDE,,,,,,,,0,0.0
VECURONIUM BROMIDE,,,,,,,,0,40.0
CYSTEINE HYDROCHLORIDE,,,,,,,,0,40.0
CLINDAMYCIN PALMITATE HYDROCHLORIDE,,,,,,,,0,40.0
HYDROCORTAMATE HYDROCHLORIDE,,,,,,,,0,40.0
CYCLOBENZAPRINE HYDROCHLORIDE,,,,,,,,0,40.0
DEXBROMPHENIRAMINE MALEATE,,,,,,,,0,40.0
TECHNETIUM TC 99M GLUCEPTATE,,,,,,,,0,0.0
FERROUS FUMARATE,,,,,,,,0,40.0
CISATRACURIUM BESYLATE,,,,,,,,0,40.0
ETOPOSIDE PHOSPHATE,,,,,,,,0,40.0
ROCURONIUM BROMIDE,,,,,,,,0,40.0
QUINUPRISTIN,,,,,,,,0,40.0
BENOXINATE HYDROCHLORIDE,,,,,,,,0,40.0
NATAMYCIN,,,,,,,,0,40.0
ENALAPRIL MALEATE,,,,,,,,0,40.0
ISOSORBIDE,,,,,,,,0,40.0
UNOPROSTONE ISOPROPYL,,,,,,,,0,40.0
TECHNETIUM TC 99M LIDOFENIN,,,,,,,,0,40.0
POTASSIUM LACTATE,,,,,,,,0,40.0
DIPHENOXYLATE HYDROCHLORIDE,,,,,,,,0,40.0
CALCIPOTRIENE,,,,,,,,0,40.0
CALCIUM CHLORIDE,,,,,,,,0,40.0
CEFPIRAMIDE SODIUM,,,,,,,,0,40.0
XENON XE 127,,,,,,,,0,40.0
TOREMIFENE CITRATE,,,,,,,,0,40.0
CHROMIC PHOSPHATE P 32,,,,,,,,0,40.0
ATAZANAVIR SULFATE,,,,,,,,0,40.0
ZINC CHLORIDE,,,,,,,,0,40.0
SELENIUM SULFIDE,,,,,,,,0,40.0
MONTELUKAST SODIUM,,,,,,,,0,40.0
SODIUM OXYBATE,,,,,,,,0,40.0
XENON XE 133,,,,,,,,0,40.0
PIMECROLIMUS,,,,,,,,0,0.0
ERYTHROMYCIN ETHYLSUCCINATE,,,,,,,,0,0.0
NITRIC OXIDE,,,,,,,,0,0.0
MAGNESIUM ACETATE,,,,,,,,0,0.0
OLMESARTAN MEDOXOMIL,,,,,,,,0,40.0
MANGANESE CHLORIDE ANHYDROUS,,,,,,,,0,0.0
SEVOFLURANE,,,,,,,,0,40.0
PHENYLPROPANOLAMINE HYDROCHLORIDE,,,,,,,,0,40.0
POTASSIUM PERCHLORATE,,,,,,,,0,40.0
PENTETATE CALCIUM TRISODIUM YB-169,,,,,,,,0,40.0
DOXYCYCLINE,,,,,,,,0,0.0
DICLOXACILLIN SODIUM,,,,,,,,0,40.0
CHLORDIAZEPOXIDE HYDROCHLORIDE,,,,,,,,0,40.0
HYDROXYAMPHETAMINE HYDROBROMIDE,,,,,,,,0,40.0
ALUMINUM HYDROXIDE,,,,,,,,0,40.0
BENZQUINAMIDE HYDROCHLORIDE,,,,,,,,0,40.0
CLOMIPRAMINE HYDROCHLORIDE,,,,,,,,0,0.0
OMEGA-3-ACID ETHYL ESTERS,,,,,,,,0,0.0
EVANS BLUE,,,,,,,,0,40.0
CHLORMEZANONE,,,,,,,,0,40.0
HEXYLCAINE HYDROCHLORIDE,,,,,,,,0,0.0
MAGNESIUM HYDROXIDE,,,,,,,,0,40.0
ESTRAMUSTINE PHOSPHATE SODIUM,,,,,,,,0,0.0
PIPECURONIUM BROMIDE,,,,,,,,0,40.0
PSEUDOEPHEDRINE HYDROCHLORIDE,,,,,,,,0,40.0
SERTACONAZOLE NITRATE,,,,,,,,0,40.0
RUBIDIUM CHLORIDE RB 82,,,,,,,,0,40.0
GUANIDINE HYDROCHLORIDE,,,,,,,,0,40.0
CHLORAMPHENICOL SODIUM SUCCINATE,,,,,,,,0,40.0
POTASSIUM CHLORIDE,,,,,,,,0,40.0
AMCINONIDE,,,,,,,,0,0.0
DESFLURANE,,,,,,,,0,40.0
FOSAMPRENAVIR CALCIUM,,,,,,,,0,40.0
MOXIFLOXACIN HYDROCHLORIDE,,,,,,,,0,40.0
MAGNESIUM CARBONATE,,,,,,,,0,40.0
COLFOSCERIL PALMITATE,,,,,,,,0,40.0
IOXAGLATE SODIUM,,,,,,,,0,40.0
SODIUM FLUORIDE F 18,,,,,,,,0,40.0
OXPRENOLOL HYDROCHLORIDE,,,,,,,,0,40.0
AMMONIUM LACTATE,,,,,,,,0,40.0
CARBIDOPA,,,,,,,,0,40.0
LEVOBUPIVACAINE HYDROCHLORIDE,,,,,,,,0,0.0
PROMETHAZINE HYDROCHLORIDE,,,,,,,,0,0.0
MERCAPTOPURINE,,,,,,,,0,0.0
PYRIDOXINE HYDROCHLORIDE,,,,,,,,0,40.0
PANCURONIUM BROMIDE,,,,,,,,0,40.0
AMPICILLIN SODIUM,,,,,,,,0,40.0
ANAGRELIDE HYDROCHLORIDE,,,,,,,,0,0.0
BALSALAZIDE DISODIUM,,,,,,,,0,40.0
CHLOROTRIANISENE,,,,,,,,0,40.0
BETAMETHASONE SODIUM PHOSPHATE,,,,,,,,0,40.0
IODOHIPPURATE SODIUM I 131,,,,,,,,0,40.0
METHACHOLINE CHLORIDE,,,,,,,,0,40.0
CEFTAZIDIME SODIUM,,,,,,,,0,40.0
TRIPELENNAMINE CITRATE,,,,,,,,0,40.0
IOCETAMIC ACID,,,,,,,,0,40.0
TRIDIHEXETHYL CHLORIDE,,,,,,,,0,40.0
WARFARIN POTASSIUM,,,,,,,,0,40.0
TOCAINIDE HYDROCHLORIDE,,,,,,,,0,0.0
FLUPREDNISOLONE,,,,,,,,0,40.0
CINACALCET HYDROCHLORIDE,,,,,,,,0,40.0
DEXRAZOXANE HYDROCHLORIDE,,,,,,,,0,40.0
TROVAFLOXACIN MESYLATE,,,,,,,,0,40.0
CITALOPRAM HYDROBROMIDE,,,,,,,,0,40.0
DEXTROAMPHETAMINE ADIPATE,,,,,,,,0,40.0
PHENOXYBENZAMINE HYDROCHLORIDE,,,,,,,,0,40.0
CISAPRIDE MONOHYDRATE,,,,,,,,0,0.0
TRICLOFOS SODIUM,,,,,,,,0,40.0
METHYPRYLON,,,,,,,,0,40.0
OXYMETAZOLINE HYDROCHLORIDE,,,,,,,,0,40.0
OXYMORPHONE HYDROCHLORIDE,,,,,,,,0,40.0
CLEMASTINE FUMARATE,,,,,,,,0,40.0
CYCLOPHOSPHAMIDE,,,,,,,,0,40.0
TECHNETIUM TC 99M SUCCIMER,,,,,,,,0,0.0
TRAZODONE HYDROCHLORIDE,,,,,,,,0,40.0
TRAVOPROST,,,,,,,,0,40.0
CALCIUM ACETATE,,,,,,,,0,40.0
TALBUTAL,,,,,,,,0,40.0
SOLIFENACIN SUCCINATE,,,,,,,,0,40.0
DICLOFENAC POTASSIUM,,,,,,,,0,40.0
DILTIAZEM MALATE,,,,,,,,0,40.0
NAPROXEN SODIUM,,,,,,,,0,0.0
NORELGESTROMIN,,,,,,,,0,40.0
AZELASTINE HYDROCHLORIDE,,,,,,,,0,40.0
DOXERCALCIFEROL,,,,,,,,0,40.0
ACEBUTOLOL HYDROCHLORIDE,,,,,,,,0,40.0
ACETAZOLAMIDE SODIUM,,,,,,,,0,40.0
LEVOMETHADYL ACETATE HYDROCHLORIDE,,,,,,,,0,40.0
ARTICAINE HYDROCHLORIDE,,,,,,,,0,40.0
PIPERACILLIN SODIUM,,,,,,,,0,40.0
PROPYLIODONE,,,,,,,,0,40.0
FLECAINIDE ACETATE,,,,,,,,0,40.0
IRON SUCROSE,,,,,,,,0,40.0
METHADONE HYDROCHLORIDE,,,,,,,,0,40.0
LITHIUM CARBONATE,,,,,,,,0,40.0
CYCRIMINE HYDROCHLORIDE,,,,,,,,0,40.0
GLUCONOLACTONE,,,,,,,,0,40.0
FERROUS SULFATE,,,,,,,,0,40.0
SPIRAPRIL HYDROCHLORIDE,,,,,,,,0,40.0
TERBINAFINE HYDROCHLORIDE,,,,,,,,0,40.0
DIPIVEFRIN HYDROCHLORIDE,,,,,,,,0,40.0
TECHNETIUM TC 99M ETIDRONATE,,,,,,,,0,40.0
OXICONAZOLE NITRATE,,,,,,,,0,40.0
LEVOBETAXOLOL HYDROCHLORIDE,,,,,,,,0,40.0
DIATRIZOATE MEGLUMINE,,,,,,,,0,40.0
PROCAINE HYDROCHLORIDE,,,,,,,,0,40.0
METHYLERGONOVINE MALEATE,,,,,,,,0,0.0
HALCINONIDE,,,,,,,,0,40.0
HYDROXYPROGESTERONE CAPROATE,,,,,,,,0,40.0
GANCICLOVIR SODIUM,,,,,,,,0,40.0
HOMATROPINE METHYLBROMIDE,,,,,,,,0,0.0
PENICILLIN V POTASSIUM,,,,,,,,0,40.0
DYDROGESTERONE,,,,,,,,0,40.0
FLUPHENAZINE DECANOATE,,,,,,,,0,40.0
TICARCILLIN DISODIUM,,,,,,,,0,40.0
TECHNETIUM TC 99M TETROFOSMIN,,,,,,,,0,40.0
ISOSULFAN BLUE,,,,,,,,0,40.0
METYROSINE,,,,,,,,0,40.0
MELPHALAN HYDROCHLORIDE,,,,,,,,0,0.0
LOTEPREDNOL ETABONATE,,,,,,,,0,0.0
PERFLUBRON,,,,,,,,0,40.0
PHENYL AMINOSALICYLATE,,,,,,,,0,40.0
METRONIDAZOLE HYDROCHLORIDE,,,,,,,,0,0.0
TIMOLOL MALEATE,,,,,,,,0,40.0
PHENTOLAMINE MESYLATE,,,,,,,,0,40.0
TOLBUTAMIDE SODIUM,,,,,,,,0,40.0
FLAVOXATE HYDROCHLORIDE,,,,,,,,0,40.0
FLUMETHASONE PIVALATE,,,,,,,,0,40.0
TRIAMCINOLONE HEXACETONIDE,,,,,,,,0,40.0
WARFARIN SODIUM,,,,,,,,0,40.0
DIPHEMANIL METHYLSULFATE,,,,,,,,0,40.0
MINOCYCLINE HYDROCHLORIDE,,,,,,,,0,40.0
THONZONIUM BROMIDE,,,,,,,,0,40.0
ALOSETRON HYDROCHLORIDE,,,,,,,,0,40.0
TRIMETHOBENZAMIDE HYDROCHLORIDE,,,,,,,,0,40.0
OXYCODONE HYDROCHLORIDE,,,,,,,,0,40.0
OXYPHENCYCLIMINE HYDROCHLORIDE,,,,,,,,0,40.0
PROTOKYLOL HYDROCHLORIDE,,,,,,,,0,0.0
PHENELZINE SULFATE,,,,,,,,0,0.0
DINOPROST TROMETHAMINE,,,,,,,,0,40.0
TYROPANOATE SODIUM,,,,,,,,0,40.0
HALOFANTRINE HYDROCHLORIDE,,,,,,,,0,40.0
SECOBARBITAL SODIUM,,,,,,,,0,40.0
SELEGILINE HYDROCHLORIDE,,,,,,,,0,40.0
OXYPHENONIUM BROMIDE,,,,,,,,0,40.0
TRILOSTANE,,,,,,,,0,40.0
HALOBETASOL PROPIONATE,,,,,,,,0,40.0
PREDNISOLONE TEBUTATE,,,,,,,,0,40.0
SULFISOXAZOLE ACETYL,,,,,,,,0,40.0
PHENTERMINE HYDROCHLORIDE,,,,,,,,0,40.0
TAMSULOSIN HYDROCHLORIDE,,,,,,,,0,40.0
THIORIDAZINE HYDROCHLORIDE,,,,,,,,0,0.0
ISOETHARINE HYDROCHLORIDE,,,,,,,,0,40.0
MEBUTAMATE,,,,,,,,0,40.0
TECHNETIUM TC 99M DISOFENIN,,,,,,,,0,0.0
"POTASSIUM PHOSPHATE, MONOBASIC",,,,,,,,0,40.0
DEXCHLORPHENIRAMINE MALEATE,,,,,,,,0,40.0
ZINC ACETATE ANHYDROUS,,,,,,,,0,40.0
ZINC SULFATE,,,,,,,,0,40.0
RABEPRAZOLE SODIUM,,,,,,,,0,40.0
TECHNETIUM TC 99M MEDRONATE,,,,,,,,0,40.0
IOPAMIDOL,,,,,,,,0,40.0
HEXAFLUORENIUM BROMIDE,,,,,,,,0,40.0
NORGESTIMATE,,,,,,,,0,40.0
DARIFENACIN HYDROBROMIDE,,,,,,,,0,40.0
PENICILLIN G PROCAINE,,,,,,,,0,0.0
DALFOPRISTIN,,,,,,,,0,40.0
METHYSERGIDE MALEATE,,,,,,,,0,40.0
AMMONIUM CHLORIDE,,,,,,,,0,40.0
METOCLOPRAMIDE HYDROCHLORIDE,,,,,,,,0,40.0
THIAMINE HYDROCHLORIDE,,,,,,,,0,40.0
MERSALYL,,,,,,,,0,40.0
SULBACTAM SODIUM,,,,,,,,0,40.0
PENTETATE CALCIUM TRISODIUM,,,,,,,,0,40.0
NANDROLONE DECANOATE,,,,,,,,0,40.0
METIPRANOLOL HYDROCHLORIDE,,,,,,,,0,40.0
TRIMIPRAMINE MALEATE,,,,,,,,0,40.0
BETAZOLE HYDROCHLORIDE,,,,,,,,0,40.0
CLIDINIUM BROMIDE,,,,,,,,0,40.0
FLUPHENAZINE ENANTHATE,,,,,,,,0,40.0
METHAMPHETAMINE HYDROCHLORIDE,,,,,,,,0,40.0
HYDROCORTISONE PROBUTATE,,,,,,,,0,40.0
MYCOPHENOLATE MOFETIL HYDROCHLORIDE,,,,,,,,0,40.0
METHDILAZINE,,,,,,,,0,40.0
BROMPHENIRAMINE MALEATE,,,,,,,,0,40.0
CEFEPIME HYDROCHLORIDE,,,,,,,,0,40.0
BIMATOPROST,,,,,,,,0,40.0
AMITRIPTYLINE HYDROCHLORIDE,,,,,,,,0,40.0
BACAMPICILLIN HYDROCHLORIDE,,,,,,,,0,0.0
BROMODIPHENHYDRAMINE HYDROCHLORIDE,,,,,,,,0,40.0
HYDROCORTISONE SODIUM PHOSPHATE,,,,,,,,0,0.0
DUTASTERIDE,,,,,,,,0,40.0
ETHOPROPAZINE HYDROCHLORIDE,,,,,,,,0,0.0
CEPHALOGLYCIN,,,,,,,,0,40.0
CHLOPHEDIANOL HYDROCHLORIDE,,,,,,,,0,40.0
ESTRADIOL CYPIONATE,,,,,,,,0,40.0
CARBINOXAMINE MALEATE,,,,,,,,0,40.0
CLOCORTOLONE PIVALATE,,,,,,,,0,0.0
IDARUBICIN HYDROCHLORIDE,,,,,,,,0,40.0
MILRINONE LACTATE,,,,,,,,0,40.0
DEXPANTHENOL,,,,,,,,0,40.0
ESTROPIPATE,,,,,,,,0,40.0
EPIRUBICIN HYDROCHLORIDE,,,,,,,,0,40.0
BUTABARBITAL SODIUM,,,,,,,,0,40.0
GALLIUM NITRATE,,,,,,,,0,40.0
AMLODIPINE MALEATE,,,,,,,,0,40.0
CEFTIBUTEN DIHYDRATE,,,,,,,,0,0.0
HALOPERIDOL DECANOATE,,,,,,,,0,40.0
EPROSARTAN MESYLATE,,,,,,,,0,40.0
METHANTHELINE BROMIDE,,,,,,,,0,40.0
ALCLOMETASONE DIPROPIONATE,,,,,,,,0,40.0
CARBENICILLIN INDANYL SODIUM,,,,,,,,0,40.0
GALLAMINE TRIETHIODIDE,,,,,,,,0,40.0
GALLIUM CITRATE GA 67,,,,,,,,0,40.0
NITROFURANTOIN SODIUM,,,,,,,,0,40.0
MECHLORETHAMINE HYDROCHLORIDE,,,,,,,,0,40.0
CARTEOLOL HYDROCHLORIDE,,,,,,,,0,40.0
ELETRIPTAN HYDROBROMIDE,,,,,,,,0,40.0
CEFONICID SODIUM,,,,,,,,0,40.0
PYRILAMINE MALEATE,,,,,,,,0,0.0
FLUDROCORTISONE ACETATE,,,,,,,,0,40.0
QUINAPRIL HYDROCHLORIDE,,,,,,,,0,40.0
FLURANDRENOLIDE,,,,,,,,0,0.0
OLSALAZINE SODIUM,,,,,,,,0,40.0
PREDNISOLONE SODIUM PHOSPHATE,,,,,,,,0,40.0
ALUMINUM ACETATE,,,,,,,,0,40.0
CEFPODOXIME PROXETIL,,,,,,,,0,40.0
CEFACLOR,,,,,,,,0,40.0
CEFTIZOXIME SODIUM,,,,,,,,0,40.0
DISOPYRAMIDE PHOSPHATE,,,,,,,,0,40.0
PHENAZOPYRIDINE HYDROCHLORIDE,,,,,,,,0,40.0
ORPHENADRINE HYDROCHLORIDE,,,,,,,,0,0.0
GLYCOPYRRONIUM BROMIDE,,,,,,,,0,40.0
RIZATRIPTAN BENZOATE,,,,,,,,0,40.0
IPODATE SODIUM,,,,,,,,0,40.0
BIPERIDEN HYDROCHLORIDE,,,,,,,,0,40.0
EFLORNITHINE HYDROCHLORIDE,,,,,,,,0,40.0
ACRISORCIN,,,,,,,,0,40.0
BENZTHIAZIDE,,,,,,,,0,40.0
AZLOCILLIN SODIUM,,,,,,,,0,40.0
ETIDRONATE DISODIUM,,,,,,,,0,40.0
CEPHAPIRIN SODIUM,,,,,,,,0,0.0
DAPIPRAZOLE HYDROCHLORIDE,,,,,,,,0,0.0
ACETRIZOATE SODIUM,,,,,,,,0,40.0
CEFORANIDE,,,,,,,,0,40.0
ANILERIDINE HYDROCHLORIDE,,,,,,,,0,40.0
DROMOSTANOLONE PROPIONATE,,,,,,,,0,40.0
ECONAZOLE NITRATE,,,,,,,,0,40.0
PEMIROLAST POTASSIUM,,,,,,,,0,40.0
CIMETIDINE HYDROCHLORIDE,,,,,,,,0,40.0
MESORIDAZINE BESYLATE,,,,,,,,0,0.0
SELENOMETHIONINE SE 75,,,,,,,,0,40.0
SULFACYTINE,,,,,,,,0,40.0
CILASTATIN SODIUM,,,,,,,,0,40.0
POTASSIUM ACETATE,,,,,,,,0,40.0
PROGUANIL HYDROCHLORIDE,,,,,,,,0,40.0
LOXAPINE HYDROCHLORIDE,,,,,,,,0,40.0
LEVALBUTEROL HYDROCHLORIDE,,,,,,,,0,40.0
PROPAFENONE HYDROCHLORIDE,,,,,,,,0,40.0
FLUOROMETHOLONE ACETATE,,,,,,,,0,40.0
THIAMYLAL SODIUM,,,,,,,,0,40.0
VENLAFAXINE HYDROCHLORIDE,,,,,,,,0,40.0
BIPERIDEN LACTATE,,,,,,,,0,40.0
PROPIOMAZINE HYDROCHLORIDE,,,,,,,,0,40.0
TETRACYCLINE PHOSPHATE COMPLEX,,,,,,,,0,0.0
SUCCIMER,,,,,,,,0,0.0
IOXILAN,,,,,,,,0,40.0
INDIUM IN 111 CHLORIDE,,,,,,,,0,40.0
TRIMETHOPRIM HYDROCHLORIDE,,,,,,,,0,40.0
METHYLPREDNISOLONE SODIUM SUCCINATE,,,,,,,,0,40.0
FLUOXETINE HYDROCHLORIDE,,,,,,,,0,40.0
SODIUM IODIDE I 123,,,,,,,,0,40.0
SODIUM IODIDE I 131,,,,,,,,0,0.0
CABERGOLINE,,,,,,,,0,40.0
DIPHENHYDRAMINE CITRATE,,,,,,,,0,40.0
RIVASTIGMINE TARTRATE,,,,,,,,0,0.0
METHYL AMINOLEVULINATE HYDROCHLORIDE,,,,,,,,0,40.0
COBALTOUS CHLORIDE CO 60,,,,,,,,0,40.0
CHLORMERODRIN HG 197,,,,,,,,0,40.0
KRYPTON KR 81M,,,,,,,,0,0.0
CEFOTETAN DISODIUM,,,,,,,,0,40.0
TESTOSTERONE CYPIONATE,,,,,,,,0,40.0
TRIFLUPROMAZINE HYDROCHLORIDE,,,,,,,,0,40.0
METHOXAMINE HYDROCHLORIDE,,,,,,,,0,40.0
METHENAMINE HIPPURATE,,,,,,,,0,0.0
CONIVAPTAN HYDROCHLORIDE,,,,,,,,0,40.0
DESONIDE,,,,,,,,0,40.0
VALACYCLOVIR HYDROCHLORIDE,,,,,,,,0,40.0
NELARABINE,,,,,,,,0,0.0
ESMOLOL HYDROCHLORIDE,,,,,,,,0,40.0
HETACILLIN,,,,,,,,0,40.0
METHOCARBAMOL,,,,,,,,0,0.0
CEFMETAZOLE SODIUM,,,,,,,,0,40.0
LIOTHYRONINE SODIUM,,,,,,,,0,40.0
REMIFENTANIL HYDROCHLORIDE,,,,,,,,0,40.0
HETACILLIN POTASSIUM,,,,,,,,0,40.0
KETOROLAC TROMETHAMINE,,,,,,,,0,40.0
IOTHALAMATE MEGLUMINE,,,,,,,,0,40.0
DARUNAVIR ETHANOLATE,,,,,,,,0,40.0
DECITABINE,,,,,,,,0,40.0
PIPERONYL BUTOXIDE,,,,,,,,0,40.0
NALBUPHINE HYDROCHLORIDE,,,,,,,,0,40.0
LUBIPROSTONE,,,,,,,,0,40.0
TITANIUM DIOXIDE,,,,,,,,0,40.0
LEUCOVORIN CALCIUM,,,,,,,,0,40.0
MEGESTROL ACETATE,,,,,,,,0,40.0
IBUPROFEN LYSINE,,,,,,,,0,40.0
RASAGILINE MESYLATE,,,,,,,,0,40.0
NORETHINDRONE ACETATE,,,,,,,,0,40.0
OCTOCRYLENE,,,,,,,,0,40.0
MEPREDNISONE,,,,,,,,0,40.0
NALTREXONE HYDROCHLORIDE,,,,,,,,0,0.0
SUMATRIPTAN SUCCINATE,,,,,,,,0,0.0
MESTRANOL,,,,,,,,0,40.0
NALMEFENE HYDROCHLORIDE,,,,,,,,0,40.0
ISOETHARINE MESYLATE,,,,,,,,0,40.0
PROCHLORPERAZINE EDISYLATE,,,,,,,,0,40.0
LOXAPINE SUCCINATE,,,,,,,,0,40.0
NORTRIPTYLINE HYDROCHLORIDE,,,,,,,,0,40.0
FENTANYL HYDROCHLORIDE,,,,,,,,0,40.0
MAFENIDE ACETATE,,,,,,,,0,40.0
DORZOLAMIDE HYDROCHLORIDE,,,,,,,,0,40.0
SUFENTANIL CITRATE,,,,,,,,0,40.0
QUINESTROL,,,,,,,,0,40.0
CARVEDILOL PHOSPHATE,,,,,,,,0,40.0
ISOCARBOXAZID,,,,,,,,0,40.0
LITHIUM CITRATE ANHYDROUS,,,,,,,,0,40.0
PRAMOXINE HYDROCHLORIDE,,,,,,,,0,40.0
IODAMIDE MEGLUMINE,,,,,,,,0,40.0
MEDRYSONE,,,,,,,,0,40.0
SITAGLIPTIN PHOSPHATE,,,,,,,,0,0.0
LEVOBUNOLOL HYDROCHLORIDE,,,,,,,,0,40.0
LISDEXAMFETAMINE DIMESYLATE,,,,,,,,0,40.0
LAPATINIB DITOSYLATE,,,,,,,,0,40.0
DICLOFENAC EPOLAMINE,,,,,,,,0,40.0
TEMSIROLIMUS,,,,,,,,0,40.0
BISMUTH SUBCITRATE POTASSIUM,,,,,,,,0,40.0
AMMONIA N 13,,,,,,,,0,40.0
LEVOCETIRIZINE DIHYDROCHLORIDE,,,,,,,,0,40.0
LEVOCETIRIZINE,,,,,,,,0,40.0
ARMODAFINIL,,,,,,,,0,40.0
LEVOBUPIVACAINE,,,,,,,,0,40.0
CEFMETAZOLE,,,,,,,,0,0.0
SERTACONAZOLE,,,,,,,,0,40.0
ALATROFLOXACIN,,,,,,,,0,40.0
PEMIROLAST,,,,,,,,0,40.0
METHAMPHETAMINE,,,,,,,,0,40.0
BENZTROPINE,,,,,,,,0,40.0
CEFPIRAMIDE,,,,,,,,0,0.0
PIPECURONIUM,,,,,,,,0,0.0
BETAMETHASONE PHOSPHORIC ACID,,,,,,,,0,40.0
PHENMETRAZINE,,,,,,,,0,40.0
PROPIOMAZINE,,,,,,,,0,40.0
MIDODRINE,,,,,,,,0,40.0
ISOETHARINE,,,,,,,,0,40.0
DAPIPRAZOLE,,,,,,,,0,40.0
DYCLONINE,,,,,,,,0,40.0
CEFAMANDOLE NAFATE FREE BASE,,,,,,,,0,40.0
VECURONIUM,,,,,,,,0,40.0
DIATRIZOIC ACID,,,,,,,,0,40.0
LISDEXAMFETAMINE,,,,,,,,0,40.0
CEFMENOXIME,,,,,,,,0,0.0
CYCRIMINE,,,,,,,,0,40.0
DEMECARIUM,,,,,,,,0,40.0
PREDNISOLONE PHOSPHORIC ACID,,,,,,,,0,40.0
ISOPROPAMIDE,,,,,,,,0,40.0
METHYLDOPATE,,,,,,,,0,40.0
MEPHENTERMINE,,,,,,,,0,40.0
METHYLHOMATROPINE,,,,,,,,0,40.0
CARBIDOPA ANHYDROUS,,,,,,,,0,0.0
LEVOBUNOLOL,,,,,,,,0,40.0
IODAMIDE,,,,,,,,0,40.0
INDECAINIDE,,,,,,,,0,40.0
IPODATE,,,,,,,,0,40.0
ROCURONIUM,,,,,,,,0,40.0
BROMODIPHENHYDRAMINE,,,,,,,,0,40.0
CISATRACURIUM,,,,,,,,0,40.0
BENZQUINAMIDE,,,,,,,,0,40.0
ARBUTAMINE,,,,,,,,0,40.0
TRIMETHOBENZAMIDE,,,,,,,,0,40.0
BETHANIDINE,,,,,,,,0,40.0
TYROPANOIC ACID,,,,,,,,0,0.0
DIPIVEFRIN,,,,,,,,0,40.0
HYDROCORTAMATE,,,,,,,,0,40.0
METHANTHELINE,,,,,,,,0,40.0
METHYLPREDNISOLONE HEMISUCCINATE,,,,,,,,0,0.0
LODOXAMIDE,,,,,,,,0,40.0
CHLORPHENTERMINE,,,,,,,,0,40.0
METHENAMINE,,,,,,,,0,40.0
BUCLIZINE,,,,,,,,0,40.0
PROTOKYLOL,,,,,,,,0,40.0
LEVOBETAXOLOL,,,,,,,,0,40.0
ISOSULFAN BLUE INNER SALT,,,,,,,,0,40.0
CHLORAMPHENICOL SUCCINIC ACID,,,,,,,,0,0.0
CINACALCET,,,,,,,,0,40.0
OXYPHENONIUM,,,,,,,,0,40.0
DEXBROMPHENIRAMINE,,,,,,,,0,0.0
DANTROLENE,,,,,,,,0,40.0
CLINDAMYCIN PALMITATE,,,,,,,,0,40.0
IOXAGLIC ACID,,,,,,,,0,40.0
ACAMPROSATE,,,,,,,,0,0.0
DIPHENOXYLATE,,,,,,,,0,0.0
BITOLTEROL,,,,,,,,0,40.0
IOTHALAMIC ACID,,,,,,,,0,40.0
MANGAFODIPIR,,,,,,,,0,40.0
DEXAMETHASONE PHOSPHORIC ACID,,,,,,,,0,0.0
PYRVINIUM,,,,,,,,0,40.0
INDOCYANINE GREEN ACID FORM,,,,,,,,0,40.0
IOFETAMINE,,,,,,,,0,40.0
CHLOPHEDIANOL,,,,,,,,0,40.0
VALGANCICLOVIR,,,,,,,,0,0.0
TRICLOFOS,,,,,,,,0,40.0
METARAMINOL,,,,,,,,0,40.0
ESOMEPRAZOLE,,,,,,,,0,40.0
DIFENOXIN,,,,,,,,0,40.0
THONZONIUM,,,,,,,,0,40.0
BETAZOLE,,,,,,,,0,40.0
HEXOCYCLIUM,,,,,,,,0,40.0
ACETRIZOIC ACID,,,,,,,,0,0.0
CARPHENAZINE,,,,,,,,0,0.0
TRIMETHAPHAN,,,,,,,,0,40.0
GLYCOPYRRONIUM,,,,,,,,0,40.0
FOSPHENYTOIN,,,,,,,,0,40.0
CYCLOPENTOLATE,,,,,,,,0,40.0
DIPHEMANIL,,,,,,,,0,40.0
ECHOTHIOPHATE,,,,,,,,0,40.0
METHIXENE,,,,,,,,0,40.0
TETRADECYL SULFURIC ACID,,,,,,,,0,40.0
BALSALAZIDE,,,,,,,,0,40.0
ANILERIDINE,,,,,,,,0,40.0
MENADIOL DIPHOSPHORIC ACID,,,,,,,,0,0.0
HEXAFLUORENIUM,,,,,,,,0,0.0
RAPACURONIUM,,,,,,,,0,40.0
DEXCHLORPHENIRAMINE,,,,,,,,0,40.0
TRIDIHEXETHYL,,,,,,,,0,40.0
METHYLERGONOVINE,,,,,,,,0,40.0
PEGAPTANIB SODIUM,,,,,,,,0,40.0
TECHNETIUM TC-99M POLYPHOSPHATE KIT,,,,,,,,0,0.0
PENTOSAN POLYSULFATE SODIUM,,,,,,,,0,0.0
POLYTETRAFLUOROETHYLENE,,,,,,,,0,0.0
DEXTROMETHORPHAN POLISTIREX,,,,,,,,0,40.0
CODEINE POLISTIREX,,,,,,,,0,40.0
HYDROCODONE POLISTIREX,,,,,,,,0,40.0
POLYESTRADIOL PHOSPHATE,,,,,,,,0,0.0
QUINIDINE POLYGALACTURONATE,,,,,,,,0,0.0
PHENYLPROPANOLAMINE POLISTIREX,,,,,,,,0,0.0
SEVELAMER HYDROCHLORIDE,,,,,,,,0,40.0
PERFLUOROPOLYMETHYLISOPROPYL ETHER,,,,,,,,0,0.0
POLYETHYLENE GLYCOL 3350,,,,,,,,0,0.0
CHLORPHENIRAMINE POLISTIREX,,,,,,,,0,40.0
SODIUM POLYSTYRENE SULFONATE,,,,,,,,0,0.0
PORFIMER SODIUM,,,,,,,,0,0.0
PSEUDOEPHEDRINE POLISTIREX,,,,,,,,0,0.0
GLATIRAMER ACETATE,,,,,,,,0,40.0
DESVENLAFAXINE SUCCINATE,,,,,,,,0,40.0
DRONEDARONE HYDROCHLORIDE,,,,,,,,0,40.0
NEBIVOLOL HYDROCHLORIDE,,,,,,,,0,0.0
PAZOPANIB HYDROCHLORIDE,,,,,,,,0,0.0
BENDAMUSTINE HYDROCHLORIDE,,,,,,,,0,0.0
BUPROPION HYDROBROMIDE,,,,,,,,0,0.0
NILOTINIB HYDROCHLORIDE MONOHYDRATE,,,,,,,,0,0.0
SAXAGLIPTIN HYDROCHLORIDE,,,,,,,,0,0.0
CHOLINE FENOFIBRATE,,,,,,,,0,0.0
PRALATREXATE,,,,,,,,0,0.0
ALCAFTADINE,,,,,,,,0,0.0
CABAZITAXEL,,,,,,,,0,0.0
DIFLUPREDNATE,,,,,,,,0,0.0
IXABEPILONE,,,,,,,,0,0.0
PITAVASTATIN,,,,,,,,0,0.0
RUFINAMIDE,,,,,,,,0,0.0
BEPOTASTINE,,,,,,,,0,0.0
BEPOTASTINE BESYLATE,,,,,,,,0,0.0
BESIFLOXACIN,,,,,,,,0,0.0
BESIFLOXACIN HYDROCHLORIDE,,,,,,,,0,0.0
FESOTERODINE,,,,,,,,0,0.0
FESOTERODINE FUMARATE,,,,,,,,0,0.0
FOSPROPOFOL,,,,,,,,0,0.0
METHYLNALTREXONE BROMIDE,,,,,,,,0,0.0
PRASUGREL,,,,,,,,0,0.0
PRASUGREL HYDROCHLORIDE,,,,,,,,0,0.0
SAPROPTERIN,,,,,,,,0,0.0
SAPROPTERIN DIHYDROCHLORIDE,,,,,,,,0,0.0
TAPENTADOL,,,,,,,,0,0.0
TAPENTADOL HYDROCHLORIDE,,,,,,,,0,0.0
CARGLUMIC ACID,,,,,,,,0,0.0
FOSAPREPITANT DIMEGLUMINE,,,,,,,,0,0.0
HEXAMINOLEVULINATE,,,,,,,,0,0.0
HEXAMINOLEVULINATE HYDROCHLORIDE,,,,,,,,0,0.0
LAPYRIUM,,,,,,,,0,0.0
LAPYRIUM CHLORIDE,,,,,,,,0,0.0
RIBOFLAVIN 5'-PHOSPHATE,,,,,,,,0,0.0
DEXLANSOPRAZOLE,,,,,,,,0,0.0
DIENOGEST,,,,,,,,0,0.0
DEFLAZACORT,,,,,,,,0,0.0
DILEVALOL HYDROCHLORIDE,,,,,,,,0,0.0
GEPIRONE HYDROCHLORIDE,,,,,,,,0,0.0
PARECOXIB,,,,,,,,0,0.0
ELAGOLIX,,,,,,,,0,0.0
ROSE BENGAL FREE ACID,,,,,,,,0,0.0
THIOSULFURIC ACID,,,,,,,,0,0.0
THEOPHYLLINE GLYCINATE,,,,,,,,0,0.0
DOLUTEGRAVIR SODIUM,,,,,,,,0,0.0
CEFTOLOZANE SULFATE,,,,,,,,0,0.0
CLOBENZOREX,,,,,,,,0,0.0
CLORAZEPIC ACID,,,,,,,,0,0.0
PROPOXYPHENE,,,,,,,,0,0.0
GIVINOSTAT,,,,,,,,0,0.0
PERAMPANEL,,,,,,,,0,0.0
DEXTROSE,,,,,,,,0,0.0
DOLUTEGRAVIR,,,,,,,,0,0.0
VEMURAFENIB,,,,,,,,0,0.0
ESTETROL ANHYDROUS,,,,,,,,0,0.0
LEVOMEFOLIC ACID,,,,,,,,0,0.0
KRYPTON,,,,,,,,0,0.0
OXYGEN,,,,,,,,0,0.0
SULFUR,,,,,,,,0,0.0
TARTARIC ACID,,,,,,,,0,0.0
XENON,,,,,,,,0,0.0
XYLOSE,,,,,,,,0,0.0
LURASIDONE,,,,,,,,0,0.0
TRAMADOL,,,,,,,,0,0.0
PLICAMYCIN,,,,,,,,0,0.0
HYDROMORPHONE HYDROCHLORIDE,,,,,,,,0,0.0
PITAVASTATIN CALCIUM,,,,,,,,0,0.0
TRAMADOL HYDROCHLORIDE,,,,,,,,0,0.0
CALCIUM GLUCEPTATE,,,,,,,,0,0.0
MICAFUNGIN SODIUM,,,,,,,,0,0.0
DIRITHROMYCIN,,,,,,,,0,0.0
GRANISETRON HYDROCHLORIDE,,,,,,,,0,0.0
MECAMYLAMINE HYDROCHLORIDE,,,,,,,,0,0.0
DOXACURIUM CHLORIDE,,,,,,,,0,0.0
LEVOCABASTINE HYDROCHLORIDE,,,,,,,,0,0.0
PROPOXYPHENE HYDROCHLORIDE,,,,,,,,0,0.0
CARBOPROST TROMETHAMINE,,,,,,,,0,0.0
TECHNETIUM TC 99M BICISATE,,,,,,,,0,0.0
TREPROSTINIL,,,,,,,,0,0.0
CARBOPROST,,,,,,,,0,0.0
DOXACURIUM,,,,,,,,0,0.0
CLEVIDIPINE,,,,,,,,0,0.0
MAPROTILINE HYDROCHLORIDE,,,,,,,,0,0.0
LETERMOVIR,,,,,,,,0,0.0
LEVALLORPHAN,,,,,,,,0,0.0
TETRACAINE HYDROCHLORIDE,,,,,,,,0,0.0
METHAPYRILENE HYDROCHLORIDE,,,,,,,,0,0.0
FIDAXOMICIN,,,,,,,,0,0.0
CYSTEAMINE HYDROCHLORIDE,,,,,,,,0,0.0
PIRFENIDONE,,,,,,,,0,0.0
CARBETAPENTANE CITRATE,,,,,,,,0,0.0
FORMOTEROL,,,,,,,,0,0.0
DEXTROMETHORPHAN HYDROBROMIDE,,,,,,,,0,0.0
NIALAMIDE,,,,,,,,0,0.0
NOMIFENSINE MALEATE,,,,,,,,0,0.0
EPINEPHRINE BITARTRATE,,,,,,,,0,0.0
TRIFLUOPERAZINE HYDROCHLORIDE,,,,,,,,0,0.0
TECOVIRIMAT,,,,,,,,0,0.0
SOFOSBUVIR,,,,,,,,0,0.0
EDOXABAN,,,,,,,,0,0.0
MIFEPRISTONE,,,,,,,,0,0.0
FEDRATINIB,,,,,,,,0,0.0
TIVOZANIB,,,,,,,,0,0.0
LENVATINIB,,,,,,,,0,0.0
AXITINIB,,,,,,,,0,0.0
PROCHLORPERAZINE MALEATE,,,,,,,,0,0.0
TERBUTALINE SULFATE,,,,,,,,0,0.0
PENTOLINIUM TARTRATE,,,,,,,,0,0.0
PHENOTHRIN,,,,,,,,0,0.0
ACETARSONE,,,,,,,,0,0.0
PERHEXILINE MALEATE,,,,,,,,0,0.0
METHSCOPOLAMINE BROMIDE,,,,,,,,0,0.0
PYRITHIONE,,,,,,,,0,0.0
AMODIAQUINE HYDROCHLORIDE,,,,,,,,0,0.0
METHYLPREDNISOLONE ACETATE,,,,,,,,0,0.0
MINAPRINE HYDROCHLORIDE,,,,,,,,0,0.0
RITODRINE HYDROCHLORIDE,,,,,,,,0,0.0
BENZONATATE,,,,,,,,0,0.0
ZIPRASIDONE HYDROCHLORIDE,,,,,,,,0,0.0
"SULFADIAZINE, SILVER",,,,,,,,0,0.0
AMILORIDE HYDROCHLORIDE,,,,,,,,0,0.0
OXYPHENISATIN ACETATE,,,,,,,,0,0.0
METHAPYRILENE,,,,,,,,0,0.0
SUXIBUZONE,,,,,,,,0,0.0
MITOXANTRONE HYDROCHLORIDE,,,,,,,,0,0.0
METHANDROSTENOLONE,,,,,,,,0,0.0
NOREPINEPHRINE BITARTRATE,,,,,,,,0,0.0
ALBUTEROL SULFATE,,,,,,,,0,0.0
DIBENZEPIN,,,,,,,,0,0.0
BITHIONOLATE SODIUM,,,,,,,,0,0.0
INDIUM CHLORIDE,,,,,,,,0,0.0
FLUPHENAZINE HYDROCHLORIDE,,,,,,,,0,0.0
FEPRAZONE,,,,,,,,0,0.0
NITROXOLINE,,,,,,,,0,0.0
CANRENONE,,,,,,,,0,0.0
BISOPROLOL FUMARATE,,,,,,,,0,0.0
CLOBUTINOL,,,,,,,,0,0.0
BENZARONE,,,,,,,,0,0.0
OXELADIN,,,,,,,,0,0.0
BROMISOVALUM,,,,,,,,0,0.0
TEGASEROD MALEATE,,,,,,,,0,0.0
EPHEDRINE SULFATE,,,,,,,,0,0.0
PHTHALYLSULFATHIAZOLE,,,,,,,,0,0.0
PHENFORMIN HYDROCHLORIDE,,,,,,,,0,0.0
DEXAMETHASONE ACETATE,,,,,,,,0,0.0
HISTAMINE DIHYDROCHLORIDE,,,,,,,,0,0.0
MIBEFRADIL DIHYDROCHLORIDE,,,,,,,,0,0.0
MECLOFENAMATE SODIUM,,,,,,,,0,0.0
OMEPRAZOLE MAGNESIUM,,,,,,,,0,0.0
METAPROTERENOL SULFATE,,,,,,,,0,0.0
NAFCILLIN SODIUM,,,,,,,,0,0.0
GANAXOLONE,,,,,,,,0,0.0
BISMUTH SUBGALLATE,,,,,,,,0,0.0
PHENICARBAZIDE,,,,,,,,0,0.0
LEVOPROPOXYPHENE NAPSYLATE,,,,,,,,0,0.0
CETIRIZINE HYDROCHLORIDE,,,,,,,,0,0.0
OXYTETRACYCLINE HYDROCHLORIDE,,,,,,,,0,0.0
SELUMETINIB,,,,,,,,0,0.0
CLOMACRAN,,,,,,,,0,0.0
DABIGATRAN ETEXILATE MESYLATE,,,,,,,,0,0.0
LEVOMEFOLATE CALCIUM,,,,,,,,0,0.0
LURASIDONE HYDROCHLORIDE,,,,,,,,0,0.0
VILAZODONE HYDROCHLORIDE,,,,,,,,0,0.0
LEVOCABASTINE,,,,,,,,0,0.0
PHENDIMETRAZINE,,,,,,,,0,0.0
IODOXAMIC ACID,,,,,,,,0,0.0
IOBENGUANE I 131,,,,,,,,0,0.0
IPRATROPIUM,,,,,,,,0,0.0
HEXOCYCLIUM METHYLSULFATE,,,,,,,,0,0.0
FLUOROESTRADIOL,,,,,,,,0,0.0
DOXEPIN,,,,,,,,0,0.0
FLUORESCEIN SODIUM,,,,,,,,0,0.0
DOXEPIN HYDROCHLORIDE,,,,,,,,0,0.0
PROCAINE BENZYLPENICILLIN,,,,,,,,0,0.0
GABAPENTIN ENACARBIL,,,,,,,,0,0.0
RILPIVIRINE HYDROCHLORIDE,,,,,,,,0,0.0
CASPOFUNGIN,,,,,,,,0,0.0
FEXINIDAZOLE,,,,,,,,0,0.0
RAMOSETRON,,,,,,,,0,0.0
POTASSIUM NITRATE,,,,,,,,0,0.0
SODIUM IODIDE,,,,,,,,0,0.0
TRELAGLIPTIN,,,,,,,,0,0.0
PLAZOMICIN,,,,,,,,0,0.0
AMDINOCILLIN PIVOXIL,,,,,,,,0,0.0
CEFTOBIPROLE MEDOCARIL FREE ACID,,,,,,,,0,0.0
ERIBULIN MESYLATE,,,,,,,,0,0.0
ERIBULIN,,,,,,,,0,0.0
ORITAVANCIN,,,,,,,,0,0.0
AVIBACTAM,,,,,,,,0,0.0
OMADACYCLINE,,,,,,,,0,0.0
CLOFOREX,,,,,,,,0,0.0
MEZLOCILLIN SODIUM,,,,,,,,0,0.0
ISAXONINE PHOSPHATE,,,,,,,,0,0.0
MUZOLIMINE,,,,,,,,0,0.0
SODIUM PICOSULFATE,,,,,,,,0,0.0
BUCETIN,,,,,,,,0,0.0
MEPAZINE ACETATE,,,,,,,,0,0.0
TERCONAZOLE,,,,,,,,0,0.0
TOLTERODINE TARTRATE,,,,,,,,0,0.0
SULFACETAMIDE SODIUM,,,,,,,,0,0.0
ALECTINIB,,,,,,,,0,0.0
LEVOPROPOXYPHENE,,,,,,,,0,0.0
ISAXONINE,,,,,,,,0,0.0
PICOSULFURIC ACID,,,,,,,,0,0.0
LANDIOLOL,,,,,,,,0,0.0
EBROTIDINE,,,,,,,,0,0.0
ROSUVASTATIN CALCIUM,,,,,,,,0,0.0
DIQUAFOSOL TETRASODIUM,,,,,,,,0,0.0
ERTUGLIFLOZIN,,,,,,,,0,0.0
NIROGACESTAT,,,,,,,,0,0.0
FLORBETAPIR F 18,,,,,,,,0,0.0
EVOGLIPTIN,,,,,,,,0,0.0
LOFEXIDINE HYDROCHLORIDE,,,,,,,,0,0.0
TILBROQUINOL,,,,,,,,0,0.0
TETRAMETHRIN,,,,,,,,0,0.0
BIOALLETHRIN,,,,,,,,0,0.0
INDACATEROL MALEATE,,,,,,,,0,0.0
RUXOLITINIB,,,,,,,,0,0.0
RANITIDINE,,,,,,,,0,0.0
RUXOLITINIB PHOSPHATE,,,,,,,,0,0.0
HELIUM,,,,,,,,0,0.0
SULFUR HEXAFLUORIDE,,,,,,,,0,0.0
RELUGOLIX,,,,,,,,0,0.0
METABROMSALAN,,,,,,,,0,0.0
BEXAGLIFLOZIN,,,,,,,,0,0.0
INFIGRATINIB PHOSPHATE,,,,,,,,0,0.0
INFIGRATINIB,,,,,,,,0,0.0
INGENOL MEBUTATE,,,,,,,,0,0.0
DIBUNIC ACID,,,,,,,,0,0.0
IBRUTINIB,,,,,,,,0,0.0
CINEPAZIDE,,,,,,,,0,0.0
DEXFENFLURAMINE HYDROCHLORIDE,,,,,,,,0,0.0
TROSPIUM,,,,,,,,0,0.0
ROPIVACAINE HYDROCHLORIDE,,,,,,,,0,0.0
PERFLENAPENT,,,,,,,,0,0.0
TIOTROPIUM,,,,,,,,0,0.0
FLOSEQUINAN,,,,,,,,0,0.0
SPARTEINE SULFATE,,,,,,,,0,0.0
SODIUM MONOFLUOROPHOSPHATE,,,,,,,,0,0.0
EVEROLIMUS,,,,,,,,0,0.0
LEVOLEUCOVORIN CALCIUM,,,,,,,,0,0.0
GADOFOSVESET TRISODIUM,,,,,,,,0,0.0
FINAFLOXACIN,,,,,,,,0,0.0
PYRVINIUM PAMOATE,,,,,,,,0,0.0
LEVOLEUCOVORIN,,,,,,,,0,0.0
GADOFOSVESET,,,,,,,,0,0.0
SPARTEINE,,,,,,,,0,0.0
FLORBETABEN,,,,,,,,0,0.0
FLUCICLOVINE,,,,,,,,0,0.0
FLORBETAPIR,,,,,,,,0,0.0
COBALTOUS CHLORIDE,,,,,,,,0,0.0
PIPAMAZINE,,,,,,,,0,0.0
FENCLOZIC ACID,,,,,,,,0,0.0
MEBANAZINE,,,,,,,,0,0.0
NITREFAZOLE,,,,,,,,0,0.0
PHENOXYPROPAZINE,,,,,,,,0,0.0
TRIACETYLDIPHENOLISATIN,,,,,,,,0,0.0
XENAZOIC ACID,,,,,,,,0,0.0
ANAGLIPTIN,,,,,,,,0,0.0
IOFLUPANE,,,,,,,,0,0.0
REGORAFENIB,,,,,,,,0,0.0
DIHYDROSTREPTOMYCIN,,,,,,,,0,0.0
ARFORMOTEROL TARTRATE,,,,,,,,0,0.0
ERAVACYCLINE,,,,,,,,0,0.0
AVANAFIL,,,,,,,,0,0.0
TAFLUPROST,,,,,,,,0,0.0
STREPTOZOCIN,,,,,,,,0,0.0
ENTRECTINIB,,,,,,,,0,0.0
STIRIPENTOL,,,,,,,,0,0.0
PIFOXIME,,,,,,,,0,0.0
BELUMOSUDIL,,,,,,,,0,0.0
SELENIOUS ACID,,,,,,,,0,0.0
IVACAFTOR,,,,,,,,0,0.0
IPRAGLIFLOZIN,,,,,,,,0,0.0
FOSPROPOFOL DISODIUM,,,,,,,,0,0.0
MAGNESIUM SULFATE ANHYDROUS,,,,,,,,0,0.0
POTASSIUM SULFATE,,,,,,,,0,0.0
DEXAMETHASONE SODIUM PHOSPHATE,,,,,,,,0,0.0
HYDROXYSTILBAMIDINE ISETHIONATE,,,,,,,,0,0.0
DACLATASVIR,,,,,,,,0,0.0
CARIPRAZINE HYDROCHLORIDE,,,,,,,,0,0.0
CARIPRAZINE,,,,,,,,0,0.0
AZILSARTAN MEDOXOMIL,,,,,,,,0,0.0
DABRAFENIB,,,,,,,,0,0.0
FLUDEOXYGLUCOSE F 18,,,,,,,,0,0.0
PACRITINIB,,,,,,,,0,0.0
CICLESONIDE,,,,,,,,0,0.0
FLUTEMETAMOL F 18,,,,,,,,0,0.0
GLASDEGIB,,,,,,,,0,0.0
LIFITEGRAST,,,,,,,,0,0.0
CANAGLIFLOZIN ANHYDROUS,,,,,,,,0,0.0
PHENDIMETRAZINE TARTRATE,,,,,,,,0,0.0
METARAMINOL BITARTRATE,,,,,,,,0,0.0
PHENYLEPHRINE BITARTRATE,,,,,,,,0,0.0
DIHYDROCODEINE BITARTRATE,,,,,,,,0,0.0
LEVALLORPHAN TARTRATE,,,,,,,,0,0.0
METOPROLOL TARTRATE,,,,,,,,0,0.0
GRAZOPREVIR ANHYDROUS,,,,,,,,0,0.0
VONOPRAZAN FUMARATE,,,,,,,,0,0.0
CALCIUM METRIZOATE,,,,,,,,0,0.0
ACAMPROSATE CALCIUM,,,,,,,,0,0.0
IPODATE CALCIUM,,,,,,,,0,0.0
FLUDEOXYGLUCOSE,,,,,,,,0,0.0
SODIUM GLUCONATE,,,,,,,,0,0.0
VONOPRAZAN,,,,,,,,0,0.0
STANOZOLOL,,,,,,,,0,0.0
PENCICLOVIR SODIUM,,,,,,,,0,0.0
BOSUTINIB MONOHYDRATE,,,,,,,,0,0.0
CHOLINE C-11,,,,,,,,0,0.0
COBICISTAT,,,,,,,,0,0.0
ICOSAPENT ETHYL,,,,,,,,0,0.0
LORCASERIN HYDROCHLORIDE,,,,,,,,0,0.0
MIRABEGRON,,,,,,,,0,0.0
PRUSSIAN BLUE INSOLUBLE,,,,,,,,0,0.0
CLORAZEPATE DIPOTASSIUM,,,,,,,,0,0.0
MAGNESIUM TRISILICATE,,,,,,,,0,0.0
SODIUM CHROMATE CR 51,,,,,,,,0,0.0
UREA C 14,,,,,,,,0,0.0
SODIUM PERTECHNETATE TC 99M,,,,,,,,0,0.0
INAMRINONE LACTATE,,,,,,,,0,0.0
AMINOSALICYLATE SODIUM,,,,,,,,0,0.0
LANTHANUM CARBONATE,,,,,,,,0,0.0
UREA C 13,,,,,,,,0,0.0
SODIUM THIOSULFATE,,,,,,,,0,0.0
MANGAFODIPIR TRISODIUM,,,,,,,,0,0.0
CYANOCOBALAMIN CO 57,,,,,,,,0,0.0
TECHNETIUM TC 99M PENTETATE,,,,,,,,0,0.0
SAMARIUM SM 153 LEXIDRONAM PENTASODIUM,,,,,,,,0,0.0
NITROPRUSSIDE,,,,,,,,0,0.0
FENOPROFEN CALCIUM,,,,,,,,0,0.0
HYDROXOCOBALAMIN,,,,,,,,0,0.0
LITHIUM CITRATE,,,,,,,,0,0.0
EMEDASTINE DIFUMARATE,,,,,,,,0,0.0
GADOXETATE DISODIUM,,,,,,,,0,0.0
LEVOTHYROXINE SODIUM,,,,,,,,0,0.0
MANGANESE SULFATE,,,,,,,,0,0.0
TOFACITINIB CITRATE,,,,,,,,0,0.0
MORPHINE SULFATE,,,,,,,,0,0.0
AZILSARTAN KAMEDOXOMIL,,,,,,,,0,0.0
COLESTILAN CHLORIDE,,,,,,,,0,0.0
DAPAGLIFLOZIN PROPANEDIOL,,,,,,,,0,0.0
TASIMELTEON,,,,,,,,0,0.0
DROXIDOPA,,,,,,,,0,0.0
FOSTAMATINIB,,,,,,,,0,0.0
TAFAMIDIS,,,,,,,,0,0.0
PIXANTRONE DIMALEATE,,,,,,,,0,0.0
OMADACYCLINE TOSYLATE,,,,,,,,0,0.0
CABOZANTINIB S-MALATE,,,,,,,,0,0.0
LUMACAFTOR,,,,,,,,0,0.0
CEFTOLOZANE,,,,,,,,0,0.0
MACITENTAN,,,,,,,,0,0.0
TRAMETINIB,,,,,,,,0,0.0
EFINACONAZOLE,,,,,,,,0,0.0
AVATROMBOPAG,,,,,,,,0,0.0
CYANOCOBALAMIN CO 60,,,,,,,,0,0.0
CLOMACRAN PHOSPHATE,,,,,,,,0,0.0
DIBENZEPIN HYDROCHLORIDE,,,,,,,,0,0.0
CYANOCOBALAMIN CO 58,,,,,,,,0,0.0
MOXIDECTIN,,,,,,,,0,0.0
ANAGESTONE ACETATE,,,,,,,,0,0.0
AMOPROXAN,,,,,,,,0,0.0
PYROVALERONE HYDROCHLORIDE,,,,,,,,0,0.0
SULFADICRAMIDE,,,,,,,,0,0.0
VORTIOXETINE,,,,,,,,0,0.0
INDIGOTINDISULFONATE SODIUM,,,,,,,,0,0.0
PHOLCODINE,,,,,,,,0,0.0
PROXIBARBAL,,,,,,,,0,0.0
POTASSIUM BITARTRATE,,,,,,,,0,0.0
PROPYLHEXEDRINE,,,,,,,,0,0.0
PROPANIDID,,,,,,,,0,0.0
OSPEMIFENE,,,,,,,,0,0.0
TAUROLIDINE,,,,,,,,0,0.0
THENALIDINE,,,,,,,,0,0.0
ZIPEPROL,,,,,,,,0,0.0
TETRAZEPAM,,,,,,,,0,0.0
FENPROPOREX,,,,,,,,0,0.0
VERALIPRIDE,,,,,,,,0,0.0
DIVALPROEX SODIUM,,,,,,,,0,0.0
VINFLUNINE DITARTRATE,,,,,,,,0,0.0
DELAFLOXACIN,,,,,,,,0,0.0
DELAFLOXACIN MEGLUMINE,,,,,,,,0,0.0
PALOVAROTENE,,,,,,,,0,0.0
LOMITAPIDE MESYLATE,,,,,,,,0,0.0
TEDIZOLID PHOSPHATE,,,,,,,,0,0.0
TAFAMIDIS MEGLUMINE,,,,,,,,0,0.0
RIFAMYCIN SODIUM,,,,,,,,0,0.0
EDOXABAN TOSYLATE,,,,,,,,0,0.0
SELUMETINIB SULFATE,,,,,,,,0,0.0
LULICONAZOLE,,,,,,,,0,0.0
TELOTRISTAT ETHYL,,,,,,,,0,0.0
BEDAQUILINE FUMARATE,,,,,,,,0,0.0
LENVATINIB MESYLATE,,,,,,,,0,0.0
PONATINIB HYDROCHLORIDE,,,,,,,,0,0.0
QUIZARTINIB DIHYDROCHLORIDE,,,,,,,,0,0.0
TOFOGLIFLOZIN,,,,,,,,0,0.0
AFATINIB DIMALEATE,,,,,,,,0,0.0
CABOZANTINIB,,,,,,,,0,0.0
DACOMITINIB,,,,,,,,0,0.0
LESINURAD,,,,,,,,0,0.0
DABRAFENIB MESYLATE,,,,,,,,0,0.0
LEVOMILNACIPRAN HYDROCHLORIDE,,,,,,,,0,0.0
ASUNAPREVIR,,,,,,,,0,0.0
SONIDEGIB,,,,,,,,0,0.0
SITAXENTAN SODIUM,,,,,,,,0,0.0
TRAMETINIB DIMETHYL SULFOXIDE,,,,,,,,0,0.0
OLODATEROL HYDROCHLORIDE,,,,,,,,0,0.0
GLYCEROL PHENYLBUTYRATE,,,,,,,,0,0.0
PRUCALOPRIDE SUCCINATE,,,,,,,,0,0.0
SAMIDORPHAN L-MALATE,,,,,,,,0,0.0
TRELAGLIPTIN SUCCINATE,,,,,,,,0,0.0
NALDEMEDINE,,,,,,,,0,0.0
TIVOZANIB HYDROCHLORIDE,,,,,,,,0,0.0
AVATROMBOPAG MALEATE,,,,,,,,0,0.0
BARICITINIB,,,,,,,,0,0.0
BREXPIPRAZOLE,,,,,,,,0,0.0
OMARIGLIPTIN,,,,,,,,0,0.0
"GLYCEROL, IODINATED",,,,,,,,0,0.0
BARIUM SULFATE,,,,,,,,0,0.0
AMOBARBITAL SODIUM,,,,,,,,0,0.0
CALCIUM GLUCONATE,,,,,,,,0,0.0
ENCAINIDE HYDROCHLORIDE,,,,,,,,0,0.0
DEXMEDETOMIDINE HYDROCHLORIDE,,,,,,,,0,0.0
FENFLURAMINE HYDROCHLORIDE,,,,,,,,0,0.0
IOTHALAMATE SODIUM I 125,,,,,,,,0,0.0
VILOXAZINE HYDROCHLORIDE,,,,,,,,0,0.0
CYCLOBARBITAL CALCIUM,,,,,,,,0,0.0
BAZEDOXIFENE ACETATE,,,,,,,,0,0.0
FERROUS CITRATE FE 59,,,,,,,,0,0.0
MYCOPHENOLATE SODIUM,,,,,,,,0,0.0
NAFTAZONE,,,,,,,,0,0.0
METHAQUALONE HYDROCHLORIDE,,,,,,,,0,0.0
METHIODAL SODIUM,,,,,,,,0,0.0
METHOPHOLINE,,,,,,,,0,0.0
POLIHEXANIDE,,,,,,,,0,0.0
TESTOSTERONE UNDECANOATE,,,,,,,,0,0.0
TECHNETIUM TC 99M EXAMETAZIME,,,,,,,,0,0.0
RANELIC ACID,,,,,,,,0,0.0
IOMEPROL,,,,,,,,0,0.0
IOXITALAMIC ACID,,,,,,,,0,0.0
SULFADIMETHOXINE SODIUM,,,,,,,,0,0.0
SULFAMERAZINE SODIUM,,,,,,,,0,0.0
DIMETHYL FUMARATE,,,,,,,,0,0.0
MIFAMURTIDE,,,,,,,,0,0.0
MIGALASTAT HYDROCHLORIDE,,,,,,,,0,0.0
PALIPERIDONE PALMITATE,,,,,,,,0,0.0
URIDINE TRIACETATE,,,,,,,,0,0.0
VERNAKALANT HYDROCHLORIDE,,,,,,,,0,0.0
VORAPAXAR SULFATE,,,,,,,,0,0.0
VORTIOXETINE HYDROBROMIDE,,,,,,,,0,0.0
LYNESTRENOL,,,,,,,,0,0.0
PENTETATE INDIUM DISODIUM IN 111,,,,,,,,0,0.0
TEMAFLOXACIN HYDROCHLORIDE,,,,,,,,0,0.0
CHLORNAPHAZINE,,,,,,,,0,0.0
SODIUM PHOSPHATE P 32,,,,,,,,0,0.0
SODIUM DIBUNATE,,,,,,,,0,0.0
"SODIUM PHOSPHATE, DIBASIC",,,,,,,,0,0.0
ARIMOCLOMOL,,,,,,,,0,0.0
NORGESTREL,,,,,,,,0,0.0
FLURPIRIDAZ F 18,,,,,,,,0,0.0
TALAPORFIN SODIUM,,,,,,,,0,0.0
TREPROSTINIL DIOLAMINE,,,,,,,,0,0.0
RADIUM RA 223 DICHLORIDE,,,,,,,,0,0.0
AVIBACTAM SODIUM,,,,,,,,0,0.0
TENOFOVIR ALAFENAMIDE,,,,,,,,0,0.0
VIBEGRON,,,,,,,,0,0.0
EMPAGLIFLOZIN,,,,,,,,0,0.0
LUSUTROMBOPAG,,,,,,,,0,0.0
RIOCIGUAT,,,,,,,,0,0.0
PATIROMER CALCIUM,,,,,,,,0,0.0
POLIDEXIDE SULFATE,,,,,,,,0,0.0
TOCOFERSOLAN,,,,,,,,0,0.0
CROFELEMER,,,,,,,,0,0.0
TRISILICATE,,,,,,,,0,0.0
TRIMETHOPRIM SULFATE,,,,,,,,0,0.0
BETHANIDINE SULFATE,,,,,,,,0,0.0
RANITIDINE HYDROCHLORIDE,,,,,,,,0,0.0
TECHNETIUM PENTETATE,,,,,,,,0,0.0
GALLIUM CITRATE,,,,,,,,0,0.0
TECHNETIUM ETIDRONATE,,,,,,,,0,0.0
TECHNETIUM MEBROFENIN,,,,,,,,0,0.0
RUBIDIUM CHLORIDE,,,,,,,,0,0.0
TECHNETIUM PYROPHOSPHATE,,,,,,,,0,0.0
SAMARIUM LEXIDRONAM PENTASODIUM,,,,,,,,0,0.0
CHLORMERODRIN,,,,,,,,0,0.0
CYANOCOBALAMIN,,,,,,,,0,0.0
TECHNETIUM LIDOFENIN,,,,,,,,0,0.0
TECHNETIUM OXIDRONATE,,,,,,,,0,0.0
TECHNETIUM TETROFOSMIN,,,,,,,,0,0.0
CHROMIC PHOSPHATE,,,,,,,,0,0.0
TECHNETIUM GLUCEPTATE,,,,,,,,0,0.0
SODIUM PERTECHNETATE,,,,,,,,0,0.0
TECHNETIUM SUCCIMER,,,,,,,,0,0.0
INDIUM OXYQUINOLINE,,,,,,,,0,0.0
SODIUM CHROMATE,,,,,,,,0,0.0
TECHNETIUM DISOFENIN,,,,,,,,0,0.0
TECHNETIUM MEDRONATE,,,,,,,,0,0.0
ELIGLUSTAT,,,,,,,,0,0.0
BUNAMIODYL,,,,,,,,0,0.0
VINFLUNINE,,,,,,,,0,0.0
TOFOGLIFLOZIN ANHYDROUS,,,,,,,,0,0.0
DACOMITINIB ANHYDROUS,,,,,,,,0,0.0
FERROUS CITRATE,,,,,,,,0,0.0
MEFENOREX,,,,,,,,0,0.0
METHIODAL,,,,,,,,0,0.0
TECHNETIUM EXAMETAZIME,,,,,,,,0,0.0
LEVAMLODIPINE,,,,,,,,0,0.0
MIFAMURTIDE ACID,,,,,,,,0,0.0
PIMAVANSERIN,,,,,,,,0,0.0
VERNAKALANT,,,,,,,,0,0.0
PENTETATE INDIUM DISODIUM,,,,,,,,0,0.0
TALAPORFIN,,,,,,,,0,0.0
RADIUM DICHLORIDE,,,,,,,,0,0.0
RANITIDINE BISMUTH CITRATE,,,,,,,,0,0.0
IPRATROPIUM BROMIDE,,,,,,,,0,0.0
FROVATRIPTAN SUCCINATE,,,,,,,,0,0.0
IVABRADINE HYDROCHLORIDE,,,,,,,,0,0.0
CHLORTETRACYCLINE HYDROCHLORIDE,,,,,,,,0,0.0
EPHEDRINE HYDROCHLORIDE,,,,,,,,0,0.0
METHACYCLINE HYDROCHLORIDE,,,,,,,,0,0.0
CEFUROXIME SODIUM,,,,,,,,0,0.0
ESOMEPRAZOLE STRONTIUM,,,,,,,,0,0.0
ATROPINE SULFATE,,,,,,,,0,0.0
COBIMETINIB,,,,,,,,0,0.0
TENELIGLIPTIN,,,,,,,,0,0.0
ELUXADOLINE,,,,,,,,0,0.0
APROCITENTAN,,,,,,,,0,0.0
RIMEGEPANT,,,,,,,,0,0.0
FINERENONE,,,,,,,,0,0.0
ABAMETAPIR,,,,,,,,0,0.0
PAROMOMYCIN SULFATE,,,,,,,,0,0.0
IDELALISIB,,,,,,,,0,0.0
GADOBUTROL,,,,,,,,0,0.0
QUINAGOLIDE,,,,,,,,0,0.0
ERYTHROMYCIN ESTOLATE,,,,,,,,0,0.0
TRIMETREXATE GLUCURONATE,,,,,,,,0,0.0
FLUVASTATIN SODIUM,,,,,,,,0,0.0
NABILONE,,,,,,,,0,0.0
CEVIMELINE HYDROCHLORIDE,,,,,,,,0,0.0
MOMELOTINIB DIHYDROCHLORIDE,,,,,,,,0,0.0
ERAVACYCLINE DIHYDROCHLORIDE,,,,,,,,0,0.0
GADOTERATE MEGLUMINE,,,,,,,,0,0.0
NALOXEGOL OXALATE,,,,,,,,0,0.0
NALOXEGOL,,,,,,,,0,0.0
ARIPIPRAZOLE LAUROXIL,,,,,,,,0,0.0
YTTERBIUM PENTETATE,,,,,,,,0,0.0
STRONTIUM CHLORIDE,,,,,,,,0,0.0
MAGNESIUM CHLORIDE ANHYDROUS,,,,,,,,0,0.0
ERYTHROMYCIN PROPIONATE,,,,,,,,0,0.0
FLUVASTATIN,,,,,,,,0,0.0
GADOXETIC ACID,,,,,,,,0,0.0
DACLATASVIR DIHYDROCHLORIDE,,,,,,,,0,0.0
VINYL CHLORIDE,,,,,,,,0,0.0
CAPIVASERTIB,,,,,,,,0,0.0
XANOMELINE TARTRATE,,,,,,,,0,0.0
SIPONIMOD,,,,,,,,0,0.0
ROXADUSTAT,,,,,,,,0,0.0
FOSDENOPTERIN,,,,,,,,0,0.0
VAMOROLONE,,,,,,,,0,0.0
CLOMIPHENE,,,,,,,,0,0.0
ZIMELDINE HYDROCHLORIDE,,,,,,,,0,0.0
IBUTILIDE FUMARATE,,,,,,,,0,0.0
METOPROLOL SUCCINATE,,,,,,,,0,0.0
CARPHENAZINE MALEATE,,,,,,,,0,0.0
THIETHYLPERAZINE MALATE,,,,,,,,0,0.0
QUININE SULFATE,,,,,,,,0,0.0
ACETOPHENAZINE MALEATE,,,,,,,,0,0.0
PEMETREXED DISODIUM,,,,,,,,0,0.0
BUCLIZINE HYDROCHLORIDE,,,,,,,,0,0.0
PENBUTOLOL SULFATE,,,,,,,,0,0.0
LANDIOLOL HYDROCHLORIDE,,,,,,,,0,0.0
DOXYCYCLINE CALCIUM,,,,,,,,0,0.0
COBIMETINIB FUMARATE,,,,,,,,0,0.0
DORAVIRINE,,,,,,,,0,0.0
ESKETAMINE HYDROCHLORIDE,,,,,,,,0,0.0
LATANOPROSTENE BUNOD,,,,,,,,0,0.0
MACIMORELIN ACETATE,,,,,,,,0,0.0
PLAZOMICIN SULFATE,,,,,,,,0,0.0
RIMEGEPANT SULFATE,,,,,,,,0,0.0
SARECYCLINE,,,,,,,,0,0.0
SARECYCLINE HYDROCHLORIDE,,,,,,,,0,0.0
TAFENOQUINE SUCCINATE,,,,,,,,0,0.0
TENOFOVIR ALAFENAMIDE FUMARATE,,,,,,,,0,0.0
UBROGEPANT,,,,,,,,0,0.0
VALBENAZINE,,,,,,,,0,0.0
METRIZOATE MAGNESIUM,,,,,,,,0,0.0
BUPRENORPHINE HYDROCHLORIDE,,,,,,,,0,0.0
DOLASETRON MESYLATE,,,,,,,,0,0.0
DOLASETRON,,,,,,,,0,0.0
LEDIPASVIR,,,,,,,,0,0.0
ALPELISIB,,,,,,,,0,0.0
ZAVEGEPANT,,,,,,,,0,0.0
CERITINIB,,,,,,,,0,0.0
CABOTEGRAVIR,,,,,,,,0,0.0
OLICERIDINE,,,,,,,,0,0.0
ERGOTAMINE TARTRATE,,,,,,,,0,0.0
PIMAVANSERIN TARTRATE,,,,,,,,0,0.0
DUVELISIB,,,,,,,,0,0.0
NINTEDANIB ESYLATE,,,,,,,,0,0.0
SOTAGLIFLOZIN,,,,,,,,0,0.0
NALDEMEDINE TOSYLATE,,,,,,,,0,0.0
ELBASVIR,,,,,,,,0,0.0
LASMIDITAN,,,,,,,,0,0.0
LASMIDITAN SUCCINATE,,,,,,,,0,0.0
FOSINOPRIL SODIUM,,,,,,,,0,0.0
FOSINOPRIL,,,,,,,,0,0.0
TROSPIUM CHLORIDE,,,,,,,,0,0.0
OSILODROSTAT,,,,,,,,0,0.0
RELEBACTAM ANHYDROUS,,,,,,,,0,0.0
OMBITASVIR,,,,,,,,0,0.0
SACUBITRIL,,,,,,,,0,0.0
PEFICITINIB,,,,,,,,0,0.0
VENETOCLAX,,,,,,,,0,0.0
BENZHYDROCODONE HYDROCHLORIDE,,,,,,,,0,0.0
DASABUVIR,,,,,,,,0,0.0
SONIDEGIB PHOSPHATE,,,,,,,,0,0.0
TALAZOPARIB TOSYLATE,,,,,,,,0,0.0
TALAZOPARIB,,,,,,,,0,0.0
BENZHYDROCODONE,,,,,,,,0,0.0
DEUTETRABENAZINE,,,,,,,,0,0.0
PEFICITINIB HYDROBROMIDE,,,,,,,,0,0.0
CABOTEGRAVIR SODIUM,,,,,,,,0,0.0
ISAVUCONAZONIUM SULFATE,,,,,,,,0,0.0
SIMEPREVIR SODIUM,,,,,,,,0,0.0
ETHAMBUTOL HYDROCHLORIDE,,,,,,,,0,0.0
BUTAMBEN PICRATE,,,,,,,,0,0.0
METHICILLIN SODIUM,,,,,,,,0,0.0
RAMOSETRON HYDROCHLORIDE,,,,,,,,0,0.0
BROMFENAC SODIUM,,,,,,,,0,0.0
TROXERUTIN,,,,,,,,0,0.0
PRAMIPEXOLE DIHYDROCHLORIDE,,,,,,,,0,0.0
NIZATIDINE,,,,,,,,0,0.0
OCTINOXATE,,,,,,,,0,0.0
CEFMENOXIME HYDROCHLORIDE,,,,,,,,0,0.0
APALUTAMIDE,,,,,,,,0,0.0
GARENOXACIN MESYLATE,,,,,,,,0,0.0
NOVOBIOCIN SODIUM,,,,,,,,0,0.0
GUANADREL SULFATE,,,,,,,,0,0.0
CLINDAMYCIN PHOSPHATE,,,,,,,,0,0.0
STREPTOMYCIN SULFATE,,,,,,,,0,0.0
MEPHENTERMINE SULFATE,,,,,,,,0,0.0
ZINC ACETATE,,,,,,,,0,0.0
MAGNESIUM CHLORIDE,,,,,,,,0,0.0
CLOMIPHENE CITRATE,,,,,,,,0,0.0
ONDANSETRON HYDROCHLORIDE,,,,,,,,0,0.0
HYDROXYZINE HYDROCHLORIDE,,,,,,,,0,0.0
METHAPYRILENE FUMARATE,,,,,,,,0,0.0
ASENAPINE,,,,,,,,0,0.0
BINIMETINIB,,,,,,,,0,0.0
APOMORPHINE HYDROCHLORIDE,,,,,,,,0,0.0
TRIPROLIDINE HYDROCHLORIDE,,,,,,,,0,0.0
CAPMATINIB,,,,,,,,0,0.0
DIHYDROSTREPTOMYCIN SULFATE,,,,,,,,0,0.0
QUETIAPINE FUMARATE,,,,,,,,0,0.0
TIROFIBAN HYDROCHLORIDE,,,,,,,,0,0.0
COPANLISIB,,,,,,,,0,0.0
LUMATEPERONE TOSYLATE,,,,,,,,0,0.0
CEDAZURIDINE,,,,,,,,0,0.0
METHOTREXATE SODIUM,,,,,,,,0,0.0
RESMETIROM,,,,,,,,0,0.0
LORLATINIB,,,,,,,,0,0.0
LEFAMULIN,,,,,,,,0,0.0
SODIUM ZIRCONIUM CYCLOSILICATE,,,,,,,,0,0.0
FOSTEMSAVIR,,,,,,,,0,0.0
FERRIC CITRATE,,,,,,,,0,0.0
FOSTEMSAVIR TROMETHAMINE,,,,,,,,0,0.0
GILTERITINIB FUMARATE,,,,,,,,0,0.0
RELEBACTAM,,,,,,,,0,0.0
FILGOTINIB,,,,,,,,0,0.0
ABEMACICLIB,,,,,,,,0,0.0
AMIFAMPRIDINE PHOSPHATE,,,,,,,,0,0.0
ENCORAFENIB,,,,,,,,0,0.0
GILTERITINIB,,,,,,,,0,0.0
TENAPANOR HYDROCHLORIDE,,,,,,,,0,0.0
DIFEMERINE HYDROCHLORIDE,,,,,,,,0,0.0
TENAPANOR,,,,,,,,0,0.0
DIFEMERINE,,,,,,,,0,0.0
LUMATEPERONE,,,,,,,,0,0.0
OTESECONAZOLE,,,,,,,,0,0.0
VABORBACTAM,,,,,,,,0,0.0
TOVORAFENIB,,,,,,,,0,0.0
TELOTRISTAT ETIPRATE,,,,,,,,0,0.0
OSIMERTINIB,,,,,,,,0,0.0
ETRASIMOD,,,,,,,,0,0.0
PARITAPREVIR,,,,,,,,0,0.0
FLUORODOPA F 18,,,,,,,,0,0.0
TEPOTINIB,,,,,,,,0,0.0
TAZEMETOSTAT,,,,,,,,0,0.0
BENZPHETAMINE HYDROCHLORIDE,,,,,,,,0,0.0
AZATADINE MALEATE,,,,,,,,0,0.0
CALCIFEDIOL,,,,,,,,0,0.0
TEZACAFTOR,,,,,,,,0,0.0
DEXTROAMPHETAMINE SULFATE,,,,,,,,0,0.0
CEFTAROLINE FOSAMIL ACETATE,,,,,,,,0,0.0
ASENAPINE MALEATE,,,,,,,,0,0.0
DASABUVIR SODIUM MONOHYDRATE,,,,,,,,0,0.0
PERINDOPRIL ARGININE,,,,,,,,0,0.0
DAPRODUSTAT,,,,,,,,0,0.0
ACETYLDIGITOXIN,,,,,,,,0,0.0
DEXTROTHYROXINE SODIUM,,,,,,,,0,0.0
ALISKIREN FUMARATE,,,,,,,,0,0.0
ERYTHROMYCIN GLUCEPTATE,,,,,,,,0,0.0
VELPATASVIR,,,,,,,,0,0.0
OSIMERTINIB MESYLATE,,,,,,,,0,0.0
COPANLISIB HYDROCHLORIDE,,,,,,,,0,0.0
RIBOCICLIB,,,,,,,,0,0.0
PIBRENTASVIR,,,,,,,,0,0.0
TIOTROPIUM BROMIDE,,,,,,,,0,0.0
SELINEXOR,,,,,,,,0,0.0
DOCETAXEL,,,,,,,,0,0.0
FLORTAUCIPIR F 18,,,,,,,,0,0.0
LEFAMULIN ACETATE,,,,,,,,0,0.0
BRIGATINIB,,,,,,,,0,0.0
BEMPEDOIC ACID,,,,,,,,0,0.0
GLECAPREVIR,,,,,,,,0,0.0
LEMBOREXANT,,,,,,,,0,0.0
PANOBINOSTAT LACTATE,,,,,,,,0,0.0
ERDAFITINIB,,,,,,,,0,0.0
IXAZOMIB CITRATE,,,,,,,,0,0.0
BENZPHETAMINE,,,,,,,,0,0.0
FLORTAUCIPIR,,,,,,,,0,0.0
FLUORODOPA,,,,,,,,0,0.0
GOZETOTIDE,,,,,,,,0,0.0
CLASCOTERONE,,,,,,,,0,0.0
FEZOLINETANT,,,,,,,,0,0.0
UPADACITINIB,,,,,,,,0,0.0
LENIOLISIB,,,,,,,,0,0.0
VADADUSTAT,,,,,,,,0,0.0
ABROCITINIB,,,,,,,,0,0.0
LINZAGOLIX,,,,,,,,0,0.0
FUTIBATINIB,,,,,,,,0,0.0
QUINIDINE SULFATE,,,,,,,,0,0.0
SOFPIRONIUM BROMIDE,,,,,,,,0,0.0
SOFPIRONIUM,,,,,,,,0,0.0
GLYCOPYRRONIUM TOSYLATE,,,,,,,,0,0.0
OZANIMOD HYDROCHLORIDE,,,,,,,,0,0.0
OZANIMOD,,,,,,,,0,0.0
VALBENAZINE TOSYLATE,,,,,,,,0,0.0
RIBOCICLIB SUCCINATE,,,,,,,,0,0.0
SOMAPACITAN,,,,,,,,0,0.0
STRONTIUM RANELATE,,,,,,,,0,0.0
LOTILANER,,,,,,,,0,0.0
TRIFAROTENE,,,,,,,,0,0.0
ALECTINIB HYDROCHLORIDE,,,,,,,,0,0.0
ROLAPITANT HYDROCHLORIDE,,,,,,,,0,0.0
ROLAPITANT,,,,,,,,0,0.0
ACALABRUTINIB,,,,,,,,0,0.0
VOXILAPREVIR,,,,,,,,0,0.0
SEGESTERONE ACETATE,,,,,,,,0,0.0
OSILODROSTAT PHOSPHATE,,,,,,,,0,0.0
ELAFIBRANOR,,,,,,,,0,0.0
GEFAPIXANT,,,,,,,,0,0.0
OLMUTINIB,,,,,,,,0,0.0
PEXIDARTINIB,,,,,,,,0,0.0
FERRIC PYROPHOSPHATE CITRATE,,,,,,,,0,0.0
REVEFENACIN,,,,,,,,0,0.0
AZTREONAM LYSINE,,,,,,,,0,0.0
RUCAPARIB CAMSYLATE,,,,,,,,0,0.0
LAROTRECTINIB,,,,,,,,0,0.0
TRILACICLIB,,,,,,,,0,0.0
ZANUBRUTINIB,,,,,,,,0,0.0
ACORAMIDIS,,,,,,,,0,0.0
UMBRALISIB,,,,,,,,0,0.0
ZINC OXIDE,,,,,,,,0,0.0
PAMIDRONATE DISODIUM,,,,,,,,0,0.0
PERAMIVIR,,,,,,,,0,0.0
ZOMEPIRAC SODIUM,,,,,,,,0,0.0
ENALAPRILAT,,,,,,,,0,0.0
IBUPROFEN SODIUM,,,,,,,,0,0.0
INDOMETHACIN SODIUM,,,,,,,,0,0.0
ROSE BENGAL SODIUM I 131,,,,,,,,0,0.0
THIETHYLPERAZINE MALEATE,,,,,,,,0,0.0
EDETATE DISODIUM,,,,,,,,0,0.0
PENTAZOCINE LACTATE,,,,,,,,0,0.0
PENTAZOCINE HYDROCHLORIDE,,,,,,,,0,0.0
IOBENGUANE SULFATE I 131,,,,,,,,0,0.0
IRINOTECAN HYDROCHLORIDE,,,,,,,,0,0.0
PENICILLIN G BENZATHINE,,,,,,,,0,0.0
FOSTAMATINIB DISODIUM,,,,,,,,0,0.0
IOFLUPANE I 123,,,,,,,,0,0.0
DOXAPRAM HYDROCHLORIDE,,,,,,,,0,0.0
HISTAMINE PHOSPHATE,,,,,,,,0,0.0
ISOPROTERENOL SULFATE,,,,,,,,0,0.0
EDETATE CALCIUM DISODIUM MONOHYDRATE,,,,,,,,0,0.0
IOBENGUANE SULFATE I 123,,,,,,,,0,0.0
ETHANOLAMINE OLEATE,,,,,,,,0,0.0
LINCOMYCIN HYDROCHLORIDE,,,,,,,,0,0.0
MECLIZINE HYDROCHLORIDE,,,,,,,,0,0.0
REMOXIPRIDE HYDROCHLORIDE,,,,,,,,0,0.0
PANTOPRAZOLE SODIUM,,,,,,,,0,0.0
TERAZOSIN HYDROCHLORIDE,,,,,,,,0,0.0
TOBRAMYCIN SULFATE,,,,,,,,0,0.0
METOPROLOL FUMARATE,,,,,,,,0,0.0
OXACILLIN SODIUM,,,,,,,,0,0.0
OXYTETRACYCLINE CALCIUM,,,,,,,,0,0.0
IBANDRONATE SODIUM,,,,,,,,0,0.0
SPECTINOMYCIN HYDROCHLORIDE,,,,,,,,0,0.0
OXYPHENBUTAZONE,,,,,,,,0,0.0
HYDROCODONE BITARTRATE,,,,,,,,0,0.0
PIPERAZINE CITRATE,,,,,,,,0,0.0
ELTROMBOPAG OLAMINE,,,,,,,,0,0.0
LEVALBUTEROL TARTRATE,,,,,,,,0,0.0
OLANZAPINE PAMOATE,,,,,,,,0,0.0
REGADENOSON,,,,,,,,0,0.0
RIBOFLAVIN 5'-PHOSPHATE SODIUM,,,,,,,,0,0.0
TRANYLCYPROMINE SULFATE,,,,,,,,0,0.0
MUPIROCIN CALCIUM,,,,,,,,0,0.0
PROPOXYPHENE NAPSYLATE,,,,,,,,0,0.0
FLURAZEPAM HYDROCHLORIDE,,,,,,,,0,0.0
LODOXAMIDE TROMETHAMINE,,,,,,,,0,0.0
MENADIOL SODIUM DIPHOSPHATE,,,,,,,,0,0.0
DOXYCYCLINE HYCLATE,,,,,,,,0,0.0
FLURBIPROFEN SODIUM,,,,,,,,0,0.0
TALC,,,,,,,,0,0.0
ORITAVANCIN DIPHOSPHATE,,,,,,,,0,0.0
LEVORPHANOL TARTRATE,,,,,,,,0,0.0
TRIENTINE HYDROCHLORIDE,,,,,,,,0,0.0
FORMOTEROL FUMARATE,,,,,,,,0,0.0
DIPYRONE,,,,,,,,0,0.0
IODIPAMIDE MEGLUMINE,,,,,,,,0,0.0
ZOLPIDEM TARTRATE,,,,,,,,0,0.0
TUBOCURARINE CHLORIDE,,,,,,,,0,0.0
POTASSIUM CITRATE,,,,,,,,0,0.0
THIOTHIXENE HYDROCHLORIDE,,,,,,,,0,0.0
OXYCODONE TEREPHTHALATE,,,,,,,,0,0.0
NETILMICIN SULFATE,,,,,,,,0,0.0
SIBUTRAMINE HYDROCHLORIDE,,,,,,,,0,0.0
ZIPRASIDONE MESYLATE,,,,,,,,0,0.0
TRANYLCYPROMINE,,,,,,,,0,0.0
DEXTROAMPHETAMINE SACCHARATE,,,,,,,,0,0.0
IMIPRAMINE PAMOATE,,,,,,,,0,0.0
ECAMSULE,,,,,,,,0,0.0
PSEUDOEPHEDRINE SULFATE,,,,,,,,0,0.0
SODIUM SULFATE,,,,,,,,0,0.0
MAGNESIUM SULFATE,,,,,,,,0,0.0
MAGNESIUM ACETATE TETRAHYDRATE,,,,,,,,0,0.0
TOCOPHEROL ACETATE,,,,,,,,0,0.0
DESVENLAFAXINE FUMARATE,,,,,,,,0,0.0
BICTEGRAVIR,,,,,,,,0,0.0
BICTEGRAVIR SODIUM,,,,,,,,0,0.0
TUCATINIB,,,,,,,,0,0.0
UMBRALISIB TOSYLATE,,,,,,,,0,0.0
AVACOPAN,,,,,,,,0,0.0
TRIMEPRAZINE TARTRATE,,,,,,,,0,0.0
TACROLIMUS,,,,,,,,0,0.0
ENASIDENIB,,,,,,,,0,0.0
LENIOLISIB PHOSPHATE,,,,,,,,0,0.0
FOSNETUPITANT,,,,,,,,0,0.0
FOSNETUPITANT CHLORIDE HYDROCHLORIDE,,,,,,,,0,0.0
PITAVASTATIN SODIUM,,,,,,,,0,0.0
NERATINIB MALEATE,,,,,,,,0,0.0
NIRAPARIB TOSYLATE MONOHYDRATE,,,,,,,,0,0.0
PITAVASTATIN MAGNESIUM,,,,,,,,0,0.0
REZAFUNGIN ACETATE,,,,,,,,0,0.0
ENASIDENIB MESYLATE,,,,,,,,0,0.0
ETRASIMOD ARGININE,,,,,,,,0,0.0
CAPMATINIB HYDROCHLORIDE,,,,,,,,0,0.0
LAROTRECTINIB SULFATE,,,,,,,,0,0.0
DIROXIMEL FUMARATE,,,,,,,,0,0.0
REZAFUNGIN,,,,,,,,0,0.0
CENOBAMATE,,,,,,,,0,0.0
IVOSIDENIB,,,,,,,,0,0.0
SELADELPAR LYSINE,,,,,,,,0,0.0
PEMETREXED TROMETHAMINE,,,,,,,,0,0.0
PEXIDARTINIB HYDROCHLORIDE,,,,,,,,0,0.0
CEFIDEROCOL,,,,,,,,0,0.0
OZENOXACIN,,,,,,,,0,0.0
TALC ANHYDROUS,,,,,,,,0,0.0
PIPERAZINE CITRATE ANHYDROUS,,,,,,,,0,0.0
ATOGEPANT,,,,,,,,0,0.0
FERRIC CITRATE ANHYDROUS,,,,,,,,0,0.0
REMDESIVIR,,,,,,,,0,0.0
VERICIGUAT,,,,,,,,0,0.0
TIRABRUTINIB,,,,,,,,0,0.0
RITLECITINIB,,,,,,,,0,0.0
VOXELOTOR,,,,,,,,0,0.0
ZURANOLONE,,,,,,,,0,0.0
ENSARTINIB,,,,,,,,0,0.0
PITOLISANT HYDROCHLORIDE,,,,,,,,0,0.0
BRILLIANT BLUE G,,,,,,,,0,0.0
AVAPRITINIB,,,,,,,,0,0.0
ASCIMINIB,,,,,,,,0,0.0
AMIKACIN SULFATE,,,,,,,,0,0.0
RIPRETINIB,,,,,,,,0,0.0
DANICOPAN,,,,,,,,0,0.0
VORASIDENIB,,,,,,,,0,0.0
MILNACIPRAN HYDROCHLORIDE,,,,,,,,0,0.0
SPINOSAD,,,,,,,,0,0.0
CHLORHEXIDINE GLUCONATE,,,,,,,,0,0.0
CODEINE SULFATE,,,,,,,,0,0.0
CEFTOBIPROLE MEDOCARIL SODIUM,,,,,,,,0,0.0
HALOPERIDOL LACTATE,,,,,,,,0,0.0
CHLOROQUINE HYDROCHLORIDE,,,,,,,,0,0.0
DAROLUTAMIDE,,,,,,,,0,0.0
CEFIDEROCOL SULFATE TOSYLATE,,,,,,,,0,0.0
SOLRIAMFETOL HYDROCHLORIDE,,,,,,,,0,0.0
FEDRATINIB HYDROCHLORIDE,,,,,,,,0,0.0
ASCIMINIB HYDROCHLORIDE,,,,,,,,0,0.0
MITAPIVAT SULFATE,,,,,,,,0,0.0
PIFLUFOLASTAT F18,,,,,,,,0,0.0
DURLOBACTAM SODIUM,,,,,,,,0,0.0
MELPHALAN FLUFENAMIDE HYDROCHLORIDE,,,,,,,,0,0.0
PAFOLACIANINE,,,,,,,,0,0.0
BALOXAVIR MARBOXIL,,,,,,,,0,0.0
ELACESTRANT,,,,,,,,0,0.0
IBREXAFUNGERP,,,,,,,,0,0.0
LURBINECTEDIN,,,,,,,,0,0.0
MAVACAMTEN,,,,,,,,0,0.0
PEMIGATINIB,,,,,,,,0,0.0
REMIMAZOLAM,,,,,,,,0,0.0
RISDIPLAM,,,,,,,,0,0.0
GLASDEGIB MALEATE,,,,,,,,0,0.0
TRIHEPTANOIN,,,,,,,,0,0.0
ODEVIXIBAT,,,,,,,,0,0.0
DARIDOREXANT,,,,,,,,0,0.0
AMENAMEVIR,,,,,,,,0,0.0
DEUTIVACAFTOR,,,,,,,,0,0.0
OLUTASIDENIB,,,,,,,,0,0.0
SOLRIAMFETOL,,,,,,,,0,0.0
GADOPICLENOL,,,,,,,,0,0.0
OMIDENEPAG ISOPROPYL,,,,,,,,0,0.0
BERDAZIMER SODIUM,,,,,,,,0,0.0
FERRIC MALTOL,,,,,,,,0,0.0
ELEXACAFTOR,,,,,,,,0,0.0
DURLOBACTAM,,,,,,,,0,0.0
REPOTRECTINIB,,,,,,,,0,0.0
SERDEXMETHYLPHENIDATE CHLORIDE,,,,,,,,0,0.0
ARIMOCLOMOL CITRATE,,,,,,,,0,0.0
SIPONIMOD FUMARIC ACID,,,,,,,,0,0.0
NIROGACESTAT HYDROBROMIDE,,,,,,,,0,0.0
FILGOTINIB MALEATE,,,,,,,,0,0.0
IBREXAFUNGERP CITRATE,,,,,,,,0,0.0
LINZAGOLIX CHOLINE,,,,,,,,0,0.0
PIFLUFOLASTAT,,,,,,,,0,0.0
MITAPIVAT,,,,,,,,0,0.0
SERDEXMETHYLPHENIDATE,,,,,,,,0,0.0
FERRIC AMMONIUM CITRATE,,,,,,,,0,0.0
BRILLIANT BLUE G FREE ACID,,,,,,,,0,0.0
THALLOUS CHLORIDE,,,,,,,,0,0.0
MELPHALAN FLUFENAMIDE,,,,,,,,0,0.0
FRUQUINTINIB,,,,,,,,0,0.0
CEFOTIAM HYDROCHLORIDE,,,,,,,,0,0.0
ABACAVIR SULFATE,,,,,,,,0,0.0
DORIPENEM MONOHYDRATE,,,,,,,,0,0.0
OMAVELOXOLONE,,,,,,,,0,0.0
ZOLEDRONIC ACID,,,,,,,,0,0.0
DEUCRAVACITINIB,,,,,,,,0,0.0
ENMETAZOBACTAM,,,,,,,,0,0.0
SOTORASIB,,,,,,,,0,0.0
LAZERTINIB,,,,,,,,0,0.0
SELPERCATINIB,,,,,,,,0,0.0
PRALSETINIB,,,,,,,,0,0.0
BELZUTIFAN,,,,,,,,0,0.0
CANAGLIFLOZIN,,,,,,,,0,0.0
TECHNETIUM TC 99M TEBOROXIME,,,,,,,,0,0.0
IODOXAMATE MEGLUMINE,,,,,,,,0,0.0
SULOPENEM ETZADROXIL,,,,,,,,0,0.0
NETARSUDIL,,,,,,,,0,0.0
NETARSUDIL DIMESYLATE,,,,,,,,0,0.0
TAZEMETOSTAT HYDROBROMIDE,,,,,,,,0,0.0
FLUOROESTRADIOL F-18,,,,,,,,0,0.0
AMLODIPINE BENZOATE,,,,,,,,0,0.0
AIR POLYMER-TYPE A,,,,,,,,0,0.0
ELACESTRANT HYDROCHLORIDE,,,,,,,,0,0.0
GEFAPIXANT CITRATE,,,,,,,,0,0.0
PADELIPORFIN POTASSIUM,,,,,,,,0,0.0
ENSIFENTRINE,,,,,,,,0,0.0
LEVAMLODIPINE MALEATE,,,,,,,,0,0.0
TEPOTINIB HYDROCHLORIDE,,,,,,,,0,0.0
ACALABRUTINIB MALEATE,,,,,,,,0,0.0
FOSDENOPTERIN HYDROBROMIDE,,,,,,,,0,0.0
REMIMAZOLAM BESYLATE,,,,,,,,0,0.0
PEGULICIANINE ACETATE,,,,,,,,0,0.0
ADAGRASIB,,,,,,,,0,0.0
FOSLEVODOPA,,,,,,,,0,0.0
DEURUXOLITINIB PHOSPHATE,,,,,,,,0,0.0
PAFOLACIANINE SODIUM,,,,,,,,0,0.0
CALCIUM OXYBATE,,,,,,,,0,0.0
MAGNESIUM OXYBATE,,,,,,,,0,0.0
POTASSIUM OXYBATE,,,,,,,,0,0.0
"XENON XE-129, HYPERPOLARIZED",,,,,,,,0,0.0
LENACAPAVIR,,,,,,,,0,0.0
IPTACOPAN,,,,,,,,0,0.0
CRAVACITINIB,,,,,,,,0,0.0
TECHNETIUM BICISATE,,,,,,,,0,0.0
TECHNETIUM TEBOROXIME,,,,,,,,0,0.0
INAVOLISIB,,,,,,,,0,0.0
DARIDOREXANT HYDROCHLORIDE,,,,,,,,0,0.0
ZAVEGEPANT HYDROCHLORIDE,,,,,,,,0,0.0
ACORAMIDIS HYDROCHLORIDE,,,,,,,,0,0.0
BIRCH TRITERPENES,,,,,,,,0,0.0
TRILACICLIB DIHYDROCHLORIDE,,,,,,,,0,0.0
MOBOCERTINIB,,,,,,,,0,0.0
PIRTOBRUTINIB,,,,,,,,0,0.0
REVUMENIB,,,,,,,,0,0.0
BELUMOSUDIL MESYLATE,,,,,,,,0,0.0
NIRMATRELVIR,,,,,,,,0,0.0
FERRIC OXYHYDROXIDE,,,,,,,,0,0.0
MOBOCERTINIB SUCCINATE,,,,,,,,0,0.0
FOSCARBIDOPA,,,,,,,,0,0.0
LENACAPAVIR SODIUM,,,,,,,,0,0.0
GALLIUM GA 68 GOZETOTIDE,,,,,,,,0,0.0
AMPHETAMINE ASPARTATE/DEXTROAMPHETAMINE SULFATE,,,,,,,,0,0.0
PACRITINIB CITRATE,,,,,,,,0,0.0
FINGOLIMOD LAURYL SULFATE,,,,,,,,0,0.0
VENLAFAXINE BESYLATE,,,,,,,,0,0.0
BENZGALANTAMINE,,,,,,,,0,0.0
IPTACOPAN HYDROCHLORIDE,,,,,,,,0,0.0
TRIENTINE TETRAHYDROCHLORIDE,,,,,,,,0,0.0
AMPHETAMINE/DEXTROAMPHETAMINE,,,,,,,,0,0.0
BEROTRALSTAT,,,,,,,,0,0.0
VERTEPORFIN,,,,,,,,0,0.0
SEVELAMER CARBONATE,,,,,,,,0,0.0
SEVELAMER,,,,,,,,0,0.0
ENTECAVIR,,,,,,,,0,0.0
MONENSIN SODIUM,,,,,,,,0,0.0
ESOMEPRAZOLE MAGNESIUM,,,,,,,,0,0.0
MANGANESE CHLORIDE,,,,,,,,0,0.0
"CEFPROZIL, (E)-",,,,,,,,0,0.0
CIDOFOVIR,,,,,,,,0,0.0
CASPOFUNGIN ACETATE,,,,,,,,0,0.0
FLOTUFOLASTAT F-18 GALLIUM,,,,,,,,0,0.0
PERFLUOROHEXYLOCTANE,,,,,,,,0,0.0
TIRABRUTINIB HYDROCHLORIDE,,,,,,,,0,0.0
RITLECITINIB TOSYLATE,,,,,,,,0,0.0
VANZACAFTOR,,,,,,,,0,0.0
SITAGLIPTIN FUMARATE,,,,,,,,0,0.0
YTTRIUM CHLORIDE Y-90,,,,,,,,0,0.0
PEMETREXED MONOHYDRATE,,,,,,,,0,0.0
ERTUGLIFLOZIN PIDOLATE,,,,,,,,0,0.0
NALMEFENE HYDROCHLORIDE DIHYDRATE,,,,,,,,0,0.0
NALOXONE HYDROCHLORIDE DIHYDRATE,,,,,,,,0,0.0
LUTETIUM CHLORIDE LU-177,,,,,,,,0,0.0
TILMANOCEPT,,,,,,,,0,0.0
DEPREOTIDE TRIFLUOROACETATE,,,,,,,,0,0.0
PATIROMER SORBITEX CALCIUM,,,,,,,,0,0.0
ZANAMIVIR HYDRATE,,,,,,,,0,0.0
ILOPROST TROMETHAMINE,,,,,,,,0,0.0
UPADACITINIB HEMIHYDRATE,,,,,,,,0,0.0
ODEVIXIBAT SESQUIHYDRATE,,,,,,,,0,0.0
TECOVIRIMAT MONOHYDRATE,,,,,,,,0,0.0
BORTEZOMIB D-MANNITOL,,,,,,,,0,0.0
LEVOFLOXACIN,,,,,,,,0,0.0
DUVELISIB MONOHYDRATE,,,,,,,,0,0.0
FLOTUFOLASTAT GALLIUM,,,,,,,,0,0.0
YTTRIUM CHLORIDE,,,,,,,,0,0.0
LUTETIUM CHLORIDE,,,,,,,,0,0.0
DASATINIB,,,,,,,,0,0.0
ARSENIC TRIOXIDE,,,,,,,,0,0.0
ELIGLUSTAT TARTRATE,,,,,,,,0,0.0
GENTAMICIN SULFATE,,,,,,,,0,0.0
GENTAMICIN,,,,,,,,0,0.0
CODEINE PHOSPHATE,,,,,,,,0,0.0
PAROXETINE HYDROCHLORIDE,,,,,,,,0,0.0
CEFTRIAXONE SODIUM,,,,,,,,0,0.0
POLIDOCANOL,,,,,,,,0,0.0
VARENICLINE TARTRATE,,,,,,,,0,0.0
TECHNETIUM TC 99M SESTAMIBI,,,,,,,,0,0.0
RASAGILINE TARTRATE,,,,,,,,0,0.0
CUPRIC CHLORIDE CU-64,,,,,,,,0,0.0
BEROTRALSTAT HYDROCHLORIDE,,,,,,,,0,0.0
LASOFOXIFENE TARTRATE,,,,,,,,0,0.0
ACETYLCYSTEINE LYSINE,,,,,,,,0,0.0
ELTROMBOPAG CHOLINE,,,,,,,,0,0.0
PEMETREXED DIPOTASSIUM,,,,,,,,0,0.0
TENOFOVIR DISOPROXIL MALEATE,,,,,,,,0,0.0
CLOPIDOGREL BESILATE,,,,,,,,0,0.0
SITAGLIPTIN HYDROCHLORIDE MONOHYDRATE,,,,,,,,0,0.0
PEMETREXED DISODIUM HEMIPENTAHYDRATE,,,,,,,,0,0.0
MOMELOTINIB DIHYDROCHLORIDE MONOHYDRATE,,,,,,,,0,0.0
LENALIDOMIDE HYDROCHLORIDE MONOHYDRATE,,,,,,,,0,0.0
CLOPIDOGREL HYDROCHLORIDE,,,,,,,,0,0.0
IRBESARTAN HYDROCHLORIDE,,,,,,,,0,0.0
PRASUGREL BESYLATE,,,,,,,,0,0.0
TENOFOVIR DISOPROXIL PHOSPHATE,,,,,,,,0,0.0
CLOPIDOGREL HYDROBROMIDE,,,,,,,,0,0.0
REVUMENIB CITRATE,,,,,,,,0,0.0
GIVINOSTAT HYDROCHLORIDE,,,,,,,,0,0.0
ESTETROL,,,,,,,,0,0.0
BENZGALANTAMINE GLUCONATE,,,,,,,,0,0.0
LAZERTINIB MESYLATE,,,,,,,,0,0.0
TECHNETIUM SESTAMIBI,,,,,,,,0,0.0
